"respondentnr";"geslacht";"leeftijd";"opleidingsniveau";"alcohol_ooit";"alcohol_laatste_jaar";"alcohol_frequentie";"tabak_ooit";"tabak_laatste_jaar";"tabak_frequentie";"vapen_ooit";"vapen_laatste_jaar";"vapen_frequentie";"cannabis_ooit";"cannabis_laatste_jaar";"cannabis_frequentie";"xtc_ooit";"xtc_laatste_jaar";"xtc_frequentie";"cocaine_ooit";"cocaine_laatste_jaar";"cocaine_frequentie";"mmc_ooit";"mmc_laatste_jaar";"mmc_frequentie";"sigaretten_uitgaansdag";"glazen_alcohol_uitgaansdag";"acceptatie_alcohol_vrienden";"acceptatie_xtc_vrienden";"acceptatie_cocaine_vrienden";"makkelijk_aan_drugs_komen";"ervaren_gezondheid"
258;"vrouw";27;"laag";1;1;"eens per week";1;1;"minder dan maandelijks";1;1;"eens per week";0;0;NA;0;0;NA;1;1;"een keer";0;0;NA;3;15;"helemaal mee eens";"mee eens";"niet mee eens of oneens";"mee oneens";"goed"
89;"man";43;"hoog";1;1;"een paar keer per week";1;1;"(bijna) elke dag";0;0;NA;1;0;NA;1;1;"een keer";0;0;NA;1;1;"minder dan maandelijks";8;20;"helemaal mee eens";"helemaal mee eens";"niet mee eens of oneens";"helemaal mee eens";"niet goed/niet slecht"
109;"man";28;"hoog";1;1;"een paar keer per week";0;0;NA;0;0;NA;1;1;"minder dan maandelijks";1;1;"minder dan maandelijks";1;1;"eens per maand";0;0;NA;NA;21;"helemaal mee eens";"helemaal mee eens";"helemaal mee eens";"helemaal mee eens";"goed"
34;"man";25;"hoog";1;1;"een paar keer per maand";1;0;NA;0;0;NA;0;0;NA;1;1;"minder dan maandelijks";0;0;NA;0;0;NA;NA;12;"helemaal mee eens";"helemaal mee eens";"mee eens";"niet mee eens of oneens";"goed"
223;"man";21;"midden";1;0;NA;1;1;"een paar keer per week";0;0;NA;1;1;"minder dan maandelijks";1;1;"minder dan maandelijks";1;1;"een keer";0;0;NA;10;NA;"helemaal mee eens";"mee eens";"mee eens";"helemaal mee eens";"niet goed/niet slecht"
39;"vrouw";21;"hoog";1;1;"eens per week";1;1;"(bijna) elke dag";1;1;"een paar keer per maand";1;1;"minder dan maandelijks";1;1;"minder dan maandelijks";0;0;NA;1;0;NA;4;13;"helemaal mee eens";"helemaal mee eens";"mee eens";"mee eens";"goed"
18;"man";15;"hoog";1;1;"een paar keer per week";1;1;"(bijna) elke dag";1;1;"eens per week";1;1;"(bijna) elke dag";1;1;"eens per maand";0;0;NA;0;0;NA;16;13;"helemaal mee eens";"helemaal mee eens";"mee eens";"helemaal mee eens";"niet goed/niet slecht"
38;"man";21;"hoog";1;1;"een paar keer per week";0;0;NA;1;0;NA;1;1;"eens per maand";1;1;"een keer";NA;0;NA;0;0;NA;NA;21;"helemaal mee eens";"mee eens";"niet mee eens of oneens";"mee eens";"zeer goed"
5;"vrouw";18;"midden";1;1;"een paar keer per week";0;0;NA;0;0;NA;1;1;"een keer";1;1;"minder dan maandelijks";0;0;NA;0;0;NA;NA;5;"helemaal mee eens";"helemaal mee eens";"helemaal mee oneens";"helemaal mee eens";"niet goed/niet slecht"
266;"man";27;"midden";1;1;"minder dan maandelijks";1;1;"een keer";0;0;NA;1;0;NA;1;1;"een keer";1;1;"minder dan maandelijks";0;0;NA;1;9;"helemaal mee oneens";"mee eens";"mee eens";"mee oneens";"goed"
221;"man";19;"hoog";1;1;"eens per week";1;1;"een paar keer per week";0;0;NA;1;1;"minder dan maandelijks";1;1;"minder dan maandelijks";0;0;NA;0;0;NA;4;5;"helemaal mee eens";"mee eens";"mee oneens";"niet mee eens of oneens";"goed"
70;"vrouw";22;"hoog";1;1;"een paar keer per week";0;0;NA;1;1;"een keer";1;0;NA;1;1;"minder dan maandelijks";0;0;NA;0;0;NA;NA;5;"helemaal mee eens";"helemaal mee eens";"helemaal mee oneens";"weet niet";"goed"
72;"man";23;"midden";1;1;"minder dan maandelijks";1;0;NA;0;0;NA;1;1;"minder dan maandelijks";1;1;"minder dan maandelijks";1;0;NA;0;0;NA;NA;17;"mee eens";"helemaal mee eens";"mee oneens";"niet mee eens of oneens";"zeer goed"
320;"vrouw";29;"hoog";1;1;"een paar keer per week";1;1;"eens per week";1;1;"een paar keer per week";0;0;NA;1;1;"minder dan maandelijks";1;0;NA;1;1;"minder dan maandelijks";4;12;"helemaal mee eens";"helemaal mee eens";"helemaal mee eens";"helemaal mee eens";"goed"
101;"man";32;"midden";1;1;"(bijna) elke dag";1;1;"(bijna) elke dag";0;0;NA;1;1;"minder dan maandelijks";1;1;"een keer";0;0;NA;0;0;NA;11;6;"helemaal mee eens";"mee eens";"mee oneens";"helemaal mee eens";"niet goed/niet slecht"
252;"man";27;"hoog";1;1;"een paar keer per maand";1;1;"eens per maand";1;1;"(bijna) elke dag";1;1;"minder dan maandelijks";1;1;"minder dan maandelijks";1;1;"een keer";0;0;NA;3;9;"helemaal mee eens";"helemaal mee eens";"mee eens";"mee eens";"zeer goed"
164;"man";26;"hoog";1;1;"eens per week";1;1;"minder dan maandelijks";1;1;"minder dan maandelijks";1;1;"minder dan maandelijks";1;1;"minder dan maandelijks";1;1;"minder dan maandelijks";1;1;"een paar keer per maand";3;20;"helemaal mee eens";"helemaal mee eens";"helemaal mee eens";"mee eens";"goed"
85;"man";33;"hoog";1;1;"een paar keer per week";1;1;"(bijna) elke dag";1;1;"een paar keer per week";1;1;"een paar keer per week";1;1;"eens per maand";1;1;"minder dan maandelijks";1;1;"eens per maand";19;10;"helemaal mee eens";"helemaal mee eens";"mee eens";"helemaal mee eens";"goed"
199;"vrouw";28;"hoog";1;1;"een paar keer per week";1;1;"een paar keer per maand";1;1;"eens per week";1;1;"een paar keer per week";0;0;NA;1;1;"een paar keer per maand";1;1;"minder dan maandelijks";4;8;"helemaal mee eens";"helemaal mee eens";"helemaal mee eens";"helemaal mee eens";"zeer goed"
247;"vrouw";26;"hoog";1;1;"een paar keer per week";1;1;"een paar keer per week";0;0;NA;1;0;NA;1;1;"minder dan maandelijks";0;0;NA;0;0;NA;26;7;"helemaal mee eens";"helemaal mee eens";"helemaal mee oneens";"helemaal mee oneens";"goed"
20;"man";30;"hoog";1;1;"een paar keer per week";1;1;"een paar keer per maand";1;1;"eens per week";0;0;NA;1;1;"een keer";0;0;NA;0;0;NA;1;2;"helemaal mee eens";"mee eens";"helemaal mee oneens";"weet niet";"goed"
41;"man";39;"midden";1;1;"een paar keer per week";0;0;NA;0;0;NA;1;1;"een paar keer per week";0;0;NA;0;0;NA;0;0;NA;NA;15;"helemaal mee eens";"niet mee eens of oneens";"mee eens";"helemaal mee eens";"goed"
336;"vrouw";19;"midden";1;1;"een paar keer per week";1;1;"een paar keer per week";1;1;"een keer";1;1;"een paar keer per maand";0;0;NA;1;1;"minder dan maandelijks";0;0;NA;13;6;"helemaal mee eens";"mee eens";"mee eens";"mee eens";"goed"
249;"man";26;"hoog";1;1;"een paar keer per week";1;1;"(bijna) elke dag";0;0;NA;1;0;NA;1;1;"minder dan maandelijks";1;1;"een keer";0;0;NA;8;7;"helemaal mee eens";"mee eens";"niet mee eens of oneens";"helemaal mee eens";"slecht"
108;"vrouw";17;"midden";1;1;"een paar keer per week";1;1;"een paar keer per week";0;0;NA;1;0;NA;1;1;"minder dan maandelijks";0;0;NA;0;0;NA;16;12;"helemaal mee eens";"helemaal mee eens";"niet mee eens of oneens";"helemaal mee eens";"niet goed/niet slecht"
262;"vrouw";25;"hoog";1;1;"een paar keer per week";1;1;"eens per week";1;1;"eens per maand";1;1;"(bijna) elke dag";0;0;NA;1;1;"minder dan maandelijks";0;0;NA;17;8;"helemaal mee eens";"mee oneens";"niet mee eens of oneens";"helemaal mee eens";"niet goed/niet slecht"
194;"vrouw";34;"hoog";1;1;"een paar keer per week";0;0;NA;0;0;NA;0;0;NA;1;1;"minder dan maandelijks";1;1;"minder dan maandelijks";1;1;"minder dan maandelijks";NA;8;"helemaal mee eens";"helemaal mee eens";"mee eens";"helemaal mee eens";"goed"
331;"man";17;"hoog";1;1;"een paar keer per maand";1;1;"een paar keer per maand";1;1;"een paar keer per maand";1;1;"een keer";0;0;NA;0;0;NA;0;0;NA;18;9;"helemaal mee eens";"mee eens";"mee eens";"helemaal mee eens";"goed"
112;"vrouw";33;"midden";1;1;"eens per week";1;1;"eens per week";1;0;NA;0;0;NA;0;0;NA;1;1;"minder dan maandelijks";1;1;"minder dan maandelijks";7;4;"helemaal mee eens";"helemaal mee eens";"helemaal mee eens";"mee eens";"goed"
26;"man";24;"midden";1;1;"eens per week";1;1;"(bijna) elke dag";1;1;"minder dan maandelijks";0;0;NA;1;1;"een keer";1;1;"eens per maand";1;1;"minder dan maandelijks";5;11;"helemaal mee eens";"mee eens";"helemaal mee eens";"helemaal mee eens";"goed"
348;"man";24;"hoog";1;1;"eens per week";1;1;"minder dan maandelijks";0;0;NA;1;1;"minder dan maandelijks";1;1;"minder dan maandelijks";1;1;"minder dan maandelijks";0;0;NA;5;5;"helemaal mee eens";"mee eens";"mee eens";"helemaal mee eens";"zeer goed"
240;"vrouw";25;"hoog";1;1;"eens per week";1;1;"(bijna) elke dag";1;1;"minder dan maandelijks";0;0;NA;0;0;NA;1;1;"minder dan maandelijks";0;0;NA;17;8;"helemaal mee eens";"mee eens";"mee eens";"weet niet";"niet goed/niet slecht"
253;"man";19;"hoog";1;1;"een paar keer per week";1;1;"(bijna) elke dag";0;0;NA;1;1;"minder dan maandelijks";1;1;"minder dan maandelijks";1;1;"minder dan maandelijks";0;0;NA;4;14;"helemaal mee eens";"helemaal mee eens";"helemaal mee eens";"weet niet";"niet goed/niet slecht"
292;"vrouw";18;"hoog";1;1;"eens per week";1;1;"(bijna) elke dag";1;1;"minder dan maandelijks";1;0;NA;0;0;NA;0;0;NA;0;0;NA;21;9;"helemaal mee eens";"niet mee eens of oneens";"helemaal mee oneens";"mee eens";"niet goed/niet slecht"
175;"man";20;"hoog";1;1;"een paar keer per week";0;0;NA;1;1;"een keer";0;0;NA;NA;1;"minder dan maandelijks";0;0;NA;1;1;"minder dan maandelijks";NA;10;"helemaal mee eens";"helemaal mee eens";"helemaal mee oneens";"helemaal mee eens";"zeer goed"
68;"man";20;"midden";1;1;"eens per week";1;1;"(bijna) elke dag";1;1;"minder dan maandelijks";1;1;"(bijna) elke dag";1;1;"minder dan maandelijks";1;1;"minder dan maandelijks";0;0;NA;24;11;"helemaal mee eens";"helemaal mee eens";"helemaal mee eens";"helemaal mee eens";"niet goed/niet slecht"
282;"vrouw";26;"hoog";1;1;"een paar keer per week";1;1;"minder dan maandelijks";1;1;"(bijna) elke dag";0;0;NA;1;1;"minder dan maandelijks";1;1;"minder dan maandelijks";1;0;NA;3;6;"helemaal mee eens";"helemaal mee eens";"mee eens";"helemaal mee eens";"goed"
338;"vrouw";20;"hoog";1;1;"een paar keer per week";0;0;NA;0;0;NA;1;1;"(bijna) elke dag";0;0;NA;0;0;NA;1;1;"minder dan maandelijks";NA;20;"helemaal mee eens";"mee eens";"mee eens";"helemaal mee eens";"goed"
295;"vrouw";22;"hoog";1;1;"een paar keer per week";1;1;"minder dan maandelijks";0;0;NA;1;1;"een paar keer per week";1;1;"minder dan maandelijks";0;0;NA;0;0;NA;3;8;"helemaal mee eens";"helemaal mee eens";"niet mee eens of oneens";"helemaal mee eens";"goed"
86;"vrouw";26;"midden";1;1;"eens per maand";1;1;"een paar keer per week";0;0;NA;0;0;NA;0;0;NA;0;0;NA;0;0;NA;2;8;"helemaal mee eens";"mee eens";"niet mee eens of oneens";"helemaal mee eens";"niet goed/niet slecht"
271;"man";23;"midden";1;1;"een paar keer per maand";1;1;"minder dan maandelijks";0;0;NA;1;0;NA;0;0;NA;0;0;NA;0;0;NA;2;10;"helemaal mee eens";"mee eens";"helemaal mee oneens";"niet mee eens of oneens";"goed"
196;"man";20;"midden";1;1;"een paar keer per week";1;1;"(bijna) elke dag";1;1;"eens per week";1;1;"eens per maand";1;0;NA;1;1;"minder dan maandelijks";1;1;"minder dan maandelijks";23;9;"helemaal mee eens";"mee eens";"helemaal mee eens";"weet niet";"niet goed/niet slecht"
212;"man";29;"hoog";1;1;"eens per maand";1;1;"een paar keer per week";0;0;NA;1;1;"een keer";0;0;NA;0;0;NA;0;0;NA;28;10;"mee eens";"helemaal mee oneens";"helemaal mee oneens";"mee oneens";"goed"
267;"man";17;"hoog";1;1;"eens per week";0;0;NA;1;1;"minder dan maandelijks";1;0;NA;0;0;NA;1;0;NA;1;1;"minder dan maandelijks";NA;9;"helemaal mee eens";"helemaal mee eens";"mee eens";"helemaal mee eens";"zeer goed"
178;"vrouw";20;"hoog";1;1;"een paar keer per week";1;1;"(bijna) elke dag";1;1;"een keer";1;1;"een keer";1;1;"minder dan maandelijks";0;0;NA;0;0;NA;64;1;"helemaal mee eens";"helemaal mee eens";"helemaal mee eens";"mee eens";"niet goed/niet slecht"
339;"man";20;"hoog";1;1;"eens per week";0;0;NA;1;1;"eens per week";1;1;"eens per maand";1;1;"een keer";0;0;NA;0;0;NA;NA;13;"helemaal mee eens";"helemaal mee eens";"mee oneens";"mee eens";"goed"
207;"man";20;"hoog";1;1;"eens per week";1;1;"een keer";1;1;"een paar keer per week";1;1;"minder dan maandelijks";0;0;NA;0;0;NA;0;0;NA;1;16;"helemaal mee eens";"helemaal mee oneens";"niet mee eens of oneens";"helemaal mee eens";"niet goed/niet slecht"
313;"man";25;"hoog";1;1;"eens per week";0;0;NA;0;0;NA;1;1;"minder dan maandelijks";1;1;"minder dan maandelijks";0;0;NA;1;1;"een keer";NA;23;"helemaal mee eens";"helemaal mee eens";"helemaal mee oneens";"helemaal mee eens";"goed"
143;"man";16;"hoog";1;1;"eens per week";1;0;NA;1;1;"eens per maand";1;1;"minder dan maandelijks";1;1;"minder dan maandelijks";0;0;NA;1;0;NA;NA;14;"helemaal mee eens";"mee eens";"helemaal mee oneens";"mee eens";"goed"
67;"vrouw";19;"midden";1;0;NA;1;0;NA;1;1;"eens per maand";1;0;NA;1;0;NA;0;0;NA;0;0;NA;NA;NA;"helemaal mee oneens";"mee eens";"mee oneens";"helemaal mee eens";"goed"
173;"man";28;"hoog";1;1;"een paar keer per week";1;1;"(bijna) elke dag";1;1;"een paar keer per week";1;1;"een paar keer per maand";1;1;"minder dan maandelijks";NA;0;NA;0;0;NA;18;16;"helemaal mee eens";"helemaal mee eens";"mee oneens";"helemaal mee eens";"niet goed/niet slecht"
75;"man";20;"hoog";1;1;"eens per week";1;1;"minder dan maandelijks";0;0;NA;0;0;NA;1;1;"een paar keer per maand";0;0;NA;0;0;NA;2;17;"helemaal mee eens";"helemaal mee eens";"helemaal mee oneens";"mee oneens";"goed"
287;"man";29;"midden";1;1;"een paar keer per maand";0;0;NA;0;0;NA;0;0;NA;1;1;"minder dan maandelijks";1;0;NA;0;0;NA;NA;7;"helemaal mee eens";"helemaal mee eens";"mee oneens";"weet niet";"zeer goed"
259;"vrouw";21;"hoog";1;1;"een paar keer per maand";0;0;NA;1;1;"minder dan maandelijks";1;1;"minder dan maandelijks";1;0;NA;0;0;NA;1;1;"minder dan maandelijks";NA;13;"helemaal mee eens";"helemaal mee oneens";"mee oneens";"mee eens";"goed"
76;"vrouw";20;"hoog";1;1;"een paar keer per week";1;1;"een paar keer per week";1;1;"een paar keer per maand";0;0;NA;1;1;"minder dan maandelijks";0;0;NA;1;1;"een keer";6;4;"helemaal mee eens";"mee eens";"niet mee eens of oneens";"helemaal mee eens";"niet goed/niet slecht"
163;"vrouw";19;"midden";1;1;"(bijna) elke dag";1;1;"(bijna) elke dag";1;1;"minder dan maandelijks";1;0;NA;0;0;NA;0;0;NA;0;0;NA;18;4;"helemaal mee eens";"helemaal mee oneens";"mee oneens";"mee eens";"goed"
289;"vrouw";18;"hoog";1;1;"eens per week";0;0;NA;0;0;NA;0;0;NA;1;1;"minder dan maandelijks";0;0;NA;0;0;NA;NA;16;"helemaal mee eens";"helemaal mee eens";"mee eens";"mee eens";"goed"
141;"vrouw";26;"midden";1;1;"een paar keer per week";1;1;"een keer";0;0;NA;0;0;NA;1;1;"minder dan maandelijks";0;0;NA;1;0;NA;2;8;"helemaal mee eens";"helemaal mee eens";"helemaal mee oneens";"helemaal mee eens";"goed"
113;"man";18;"midden";1;1;"eens per week";0;0;NA;1;1;"minder dan maandelijks";1;1;"minder dan maandelijks";1;0;NA;1;0;NA;1;1;"eens per maand";NA;24;"helemaal mee eens";"niet mee eens of oneens";"niet mee eens of oneens";"weet niet";"goed"
1;"vrouw";16;"midden";1;1;"een paar keer per maand";0;0;NA;1;1;"minder dan maandelijks";1;0;NA;1;1;"minder dan maandelijks";0;0;NA;0;0;NA;NA;5;"helemaal mee eens";"helemaal mee eens";"niet mee eens of oneens";"helemaal mee eens";"niet goed/niet slecht"
158;"vrouw";18;"hoog";1;1;"een paar keer per week";0;0;NA;1;1;"een paar keer per maand";0;0;NA;0;0;NA;0;0;NA;1;1;"minder dan maandelijks";NA;4;"helemaal mee eens";"niet mee eens of oneens";"helemaal mee oneens";"mee eens";"goed"
242;"vrouw";20;"midden";1;1;"een paar keer per week";1;1;"(bijna) elke dag";0;0;NA;1;1;"minder dan maandelijks";1;1;"een paar keer per maand";1;0;NA;1;0;NA;25;6;"helemaal mee eens";"helemaal mee eens";"mee eens";"helemaal mee eens";"goed"
261;"man";21;"midden";1;1;"een paar keer per week";0;0;NA;1;0;NA;0;0;NA;1;1;"minder dan maandelijks";0;0;NA;0;0;NA;NA;7;"helemaal mee eens";"mee eens";"helemaal mee oneens";"mee oneens";"goed"
159;"vrouw";40;"hoog";1;1;"een paar keer per maand";0;0;NA;0;0;NA;0;0;NA;0;0;NA;0;0;NA;0;0;NA;NA;6;"helemaal mee eens";"mee eens";"helemaal mee oneens";"mee eens";"goed"
170;"man";16;"midden";1;1;"een paar keer per week";1;1;"minder dan maandelijks";1;1;"minder dan maandelijks";1;0;NA;0;0;NA;0;0;NA;1;1;"eens per week";4;9;"helemaal mee eens";"mee eens";"mee eens";"helemaal mee eens";"zeer goed"
229;"man";19;"midden";1;1;"een paar keer per maand";1;1;"minder dan maandelijks";1;1;"minder dan maandelijks";0;0;NA;0;0;NA;0;0;NA;0;0;NA;3;10;"helemaal mee eens";"mee eens";"helemaal mee oneens";"mee eens";"goed"
92;"vrouw";20;"hoog";1;1;"(bijna) elke dag";1;1;"(bijna) elke dag";1;1;"(bijna) elke dag";1;1;"een paar keer per week";0;0;NA;0;0;NA;0;0;NA;19;5;"helemaal mee eens";"helemaal mee oneens";"helemaal mee oneens";"mee eens";"niet goed/niet slecht"
118;"man";21;"hoog";1;1;"eens per week";1;1;"eens per maand";1;0;NA;1;0;NA;0;0;NA;1;0;NA;0;0;NA;3;18;"helemaal mee eens";"mee eens";"helemaal mee eens";"helemaal mee eens";"goed"
77;"vrouw";22;"hoog";1;1;"een paar keer per week";1;1;"eens per maand";0;0;NA;1;1;"eens per week";1;1;"een keer";1;1;"minder dan maandelijks";0;0;NA;5;6;"helemaal mee eens";"mee eens";"mee eens";"mee eens";"zeer goed"
305;"vrouw";19;"hoog";1;1;"een paar keer per week";1;1;"een paar keer per week";1;1;"een paar keer per maand";1;1;"een paar keer per maand";1;0;NA;0;0;NA;1;1;"eens per maand";8;14;"helemaal mee eens";"helemaal mee eens";"niet mee eens of oneens";"helemaal mee eens";"slecht"
134;"man";19;"hoog";1;1;"een paar keer per week";1;1;"minder dan maandelijks";1;1;"minder dan maandelijks";0;0;NA;1;1;"minder dan maandelijks";1;1;"een paar keer per maand";0;0;NA;1;6;"helemaal mee eens";"helemaal mee eens";"helemaal mee eens";"weet niet";"goed"
177;"vrouw";19;"hoog";1;1;"een paar keer per maand";1;0;NA;1;0;NA;1;1;"een keer";0;0;NA;0;0;NA;0;0;NA;NA;24;"helemaal mee eens";"helemaal mee oneens";"mee oneens";"mee oneens";"goed"
144;"vrouw";28;"midden";1;1;"eens per week";1;0;NA;0;0;NA;0;0;NA;1;1;"minder dan maandelijks";0;0;NA;1;0;NA;NA;12;"helemaal mee eens";"helemaal mee eens";"mee oneens";"helemaal mee eens";"goed"
162;"vrouw";25;"hoog";1;1;"eens per week";1;1;"minder dan maandelijks";1;1;"minder dan maandelijks";0;0;NA;1;1;"een keer";1;1;"een keer";0;0;NA;3;3;"helemaal mee eens";"mee eens";"niet mee eens of oneens";"mee oneens";"zeer goed"
8;"vrouw";23;"hoog";1;1;"een paar keer per week";1;1;"een paar keer per week";0;0;NA;1;0;NA;1;1;"minder dan maandelijks";1;0;NA;1;1;"eens per maand";24;15;"helemaal mee eens";"helemaal mee eens";"helemaal mee eens";"helemaal mee eens";"niet goed/niet slecht"
127;"man";18;"midden";1;1;"een paar keer per maand";1;1;"eens per week";1;1;"eens per maand";1;0;NA;1;1;"minder dan maandelijks";1;1;"minder dan maandelijks";1;1;"minder dan maandelijks";8;3;"helemaal mee eens";"helemaal mee eens";"mee eens";"helemaal mee eens";"goed"
217;"man";25;"hoog";1;1;"een paar keer per maand";1;1;"eens per week";1;1;"eens per week";1;1;"minder dan maandelijks";1;1;"minder dan maandelijks";0;0;NA;1;1;"een keer";12;12;"helemaal mee eens";"helemaal mee eens";"niet mee eens of oneens";"helemaal mee eens";"niet goed/niet slecht"
337;"man";20;"hoog";1;1;"minder dan maandelijks";1;0;NA;1;1;"een keer";1;1;"een paar keer per maand";0;0;NA;0;0;NA;1;1;"een paar keer per maand";NA;10;"helemaal mee eens";"helemaal mee eens";"mee eens";"helemaal mee eens";"niet goed/niet slecht"
30;"vrouw";21;"hoog";1;1;"eens per week";1;1;"(bijna) elke dag";0;0;NA;0;0;NA;0;0;NA;1;0;NA;0;0;NA;2;19;"helemaal mee eens";"mee eens";"niet mee eens of oneens";"niet mee eens of oneens";"goed"
66;"man";21;"hoog";1;1;"eens per week";1;1;"minder dan maandelijks";1;1;"een paar keer per maand";0;0;NA;1;1;"minder dan maandelijks";0;0;NA;0;0;NA;3;11;"helemaal mee eens";"helemaal mee eens";"helemaal mee oneens";"mee eens";"zeer goed"
237;"vrouw";17;"laag";1;1;"eens per week";1;1;"eens per week";1;1;"een keer";1;1;"eens per maand";1;1;"een keer";1;0;NA;1;1;"minder dan maandelijks";7;12;"helemaal mee eens";"mee eens";"mee oneens";"mee eens";"goed"
312;"vrouw";22;"midden";1;1;"een paar keer per week";1;0;NA;1;1;"eens per maand";0;0;NA;0;0;NA;0;0;NA;1;1;"minder dan maandelijks";NA;13;"helemaal mee eens";"niet mee eens of oneens";"niet mee eens of oneens";"helemaal mee oneens";"zeer goed"
241;"vrouw";32;"hoog";1;1;"een paar keer per week";1;1;"(bijna) elke dag";1;1;"een paar keer per week";1;1;"eens per week";1;1;"een keer";0;0;NA;0;0;NA;1;7;"helemaal mee eens";"mee eens";"weet niet";"helemaal mee eens";"goed"
192;"man";29;"hoog";1;1;"een paar keer per week";1;1;"minder dan maandelijks";1;1;"minder dan maandelijks";1;1;"eens per maand";1;1;"minder dan maandelijks";0;0;NA;1;1;"minder dan maandelijks";4;22;"helemaal mee eens";"mee eens";"niet mee eens of oneens";"helemaal mee eens";"goed"
225;"man";24;NA;1;1;"(bijna) elke dag";1;1;"(bijna) elke dag";1;1;"(bijna) elke dag";1;1;"minder dan maandelijks";1;1;"minder dan maandelijks";0;0;NA;0;0;NA;5;7;"helemaal mee eens";"mee eens";"helemaal mee oneens";"helemaal mee eens";"goed"
322;"man";35;"hoog";1;1;"een paar keer per week";1;1;"(bijna) elke dag";1;1;"minder dan maandelijks";1;1;"een paar keer per week";1;1;"minder dan maandelijks";1;1;"eens per maand";0;0;NA;14;1;"helemaal mee eens";"helemaal mee eens";"helemaal mee eens";"helemaal mee eens";"goed"
222;"vrouw";28;"midden";1;1;"een paar keer per week";1;0;NA;1;1;"eens per maand";1;1;"(bijna) elke dag";0;0;NA;1;1;"minder dan maandelijks";1;0;NA;NA;12;"helemaal mee eens";"helemaal mee eens";"helemaal mee eens";"helemaal mee eens";"goed"
257;"vrouw";35;"hoog";1;1;"eens per week";0;0;NA;1;0;NA;0;0;NA;1;1;"minder dan maandelijks";0;0;NA;0;0;NA;NA;3;"helemaal mee eens";"helemaal mee eens";"helemaal mee oneens";"weet niet";"niet goed/niet slecht"
137;"man";28;"hoog";1;1;"een paar keer per week";0;0;NA;1;1;"minder dan maandelijks";1;1;"minder dan maandelijks";1;0;NA;0;0;NA;0;0;NA;NA;3;"helemaal mee eens";"helemaal mee oneens";"helemaal mee oneens";"mee eens";"niet goed/niet slecht"
115;"man";17;"midden";1;1;"een paar keer per maand";1;1;"minder dan maandelijks";1;1;"een keer";0;0;NA;0;0;NA;0;0;NA;0;0;NA;3;14;"helemaal mee eens";"mee oneens";"mee oneens";"mee eens";"goed"
166;"man";20;"hoog";1;1;"een paar keer per week";1;1;"minder dan maandelijks";1;1;"minder dan maandelijks";0;0;NA;1;1;"minder dan maandelijks";0;0;NA;1;1;"minder dan maandelijks";2;8;"helemaal mee eens";"helemaal mee eens";"mee eens";"helemaal mee eens";"goed"
272;"man";25;"midden";1;1;"een paar keer per week";1;1;"(bijna) elke dag";1;1;"minder dan maandelijks";1;1;"minder dan maandelijks";NA;1;"minder dan maandelijks";1;1;"een paar keer per maand";0;0;NA;8;9;"helemaal mee eens";"helemaal mee eens";"helemaal mee eens";"helemaal mee eens";"goed"
197;"man";29;"hoog";1;1;"een paar keer per maand";0;0;NA;1;0;NA;1;0;NA;0;0;NA;1;1;"een keer";1;1;"minder dan maandelijks";NA;11;"helemaal mee eens";"mee oneens";"mee oneens";"helemaal mee eens";"zeer goed"
156;"vrouw";23;"midden";1;1;"(bijna) elke dag";1;1;"eens per week";1;1;"een paar keer per week";1;1;"een paar keer per maand";1;0;NA;0;0;NA;0;0;NA;11;5;"helemaal mee eens";"mee eens";"mee oneens";"helemaal mee eens";"niet goed/niet slecht"
317;"man";21;"hoog";1;1;"een paar keer per maand";1;1;"minder dan maandelijks";1;1;"een paar keer per maand";1;0;NA;1;1;"minder dan maandelijks";1;1;"minder dan maandelijks";1;0;NA;1;21;"mee eens";"helemaal mee eens";"helemaal mee eens";"mee eens";"goed"
311;"vrouw";23;"hoog";1;1;"een paar keer per maand";0;0;NA;0;0;NA;0;0;NA;1;1;"een keer";0;0;NA;0;0;NA;NA;5;"helemaal mee eens";"mee oneens";"helemaal mee oneens";"helemaal mee oneens";"zeer goed"
278;"vrouw";31;"midden";1;1;"eens per week";1;0;NA;1;1;"(bijna) elke dag";1;1;"minder dan maandelijks";0;0;NA;1;0;NA;0;0;NA;NA;2;"helemaal mee eens";"helemaal mee oneens";"mee oneens";"mee oneens";"goed"
57;"vrouw";23;"hoog";1;1;"een paar keer per week";1;1;"minder dan maandelijks";0;0;NA;1;0;NA;1;1;"minder dan maandelijks";0;0;NA;1;1;"een keer";5;4;"helemaal mee eens";"helemaal mee eens";"mee oneens";"helemaal mee eens";"goed"
22;"man";16;"hoog";1;1;"een paar keer per week";1;1;"minder dan maandelijks";0;0;NA;1;0;NA;1;1;"minder dan maandelijks";0;0;NA;0;0;NA;7;8;"helemaal mee eens";"helemaal mee eens";"mee oneens";"helemaal mee eens";"zeer goed"
53;"vrouw";18;"midden";1;1;"eens per week";1;1;"eens per week";1;0;NA;0;0;NA;0;0;NA;0;0;NA;1;1;"minder dan maandelijks";3;3;"helemaal mee eens";"helemaal mee oneens";"helemaal mee oneens";"helemaal mee eens";"slecht"
315;"man";21;NA;1;1;"eens per week";1;1;"(bijna) elke dag";1;1;"eens per maand";1;0;NA;1;1;"minder dan maandelijks";1;1;"een keer";1;1;"een paar keer per maand";18;13;"helemaal mee eens";"helemaal mee eens";"mee eens";"helemaal mee eens";"slecht"
93;"vrouw";23;"hoog";1;1;"eens per week";1;0;NA;0;0;NA;1;0;NA;1;1;"een keer";1;0;NA;0;0;NA;NA;9;"helemaal mee eens";"helemaal mee eens";"mee oneens";"mee eens";"goed"
51;"vrouw";22;"hoog";1;1;"een paar keer per week";1;1;"eens per week";0;0;NA;1;1;"een keer";1;0;NA;0;0;NA;0;0;NA;2;21;"helemaal mee eens";"niet mee eens of oneens";"niet mee eens of oneens";"helemaal mee eens";"goed"
82;"vrouw";22;"midden";1;1;"eens per week";1;1;"een keer";0;0;NA;1;0;NA;0;0;NA;0;0;NA;1;1;"een keer";8;10;"helemaal mee eens";"helemaal mee oneens";"mee eens";"mee eens";"zeer goed"
3;"man";23;"hoog";1;1;"een paar keer per week";1;1;"eens per maand";1;1;"minder dan maandelijks";1;1;"een paar keer per maand";1;1;"minder dan maandelijks";0;0;NA;1;1;"eens per maand";6;11;"helemaal mee eens";"helemaal mee eens";"helemaal mee oneens";"helemaal mee eens";"goed"
157;"man";26;"midden";1;1;"een paar keer per maand";1;1;"een keer";0;0;NA;1;0;NA;1;1;"minder dan maandelijks";0;0;NA;0;0;NA;5;9;"helemaal mee eens";"helemaal mee eens";"niet mee eens of oneens";"niet mee eens of oneens";"zeer goed"
28;"man";24;"hoog";1;1;"een paar keer per maand";1;1;"minder dan maandelijks";0;0;NA;1;0;NA;1;1;"eens per maand";0;0;NA;1;1;"minder dan maandelijks";2;19;"helemaal mee eens";"helemaal mee eens";"helemaal mee oneens";"helemaal mee eens";"goed"
73;"vrouw";29;"midden";1;1;"een paar keer per week";1;1;"eens per maand";0;0;NA;1;1;"minder dan maandelijks";1;1;"minder dan maandelijks";0;0;NA;0;0;NA;5;10;"helemaal mee eens";"helemaal mee eens";"helemaal mee oneens";"mee eens";"goed"
11;"man";21;"hoog";1;1;"een paar keer per week";1;1;"een paar keer per week";1;1;"een paar keer per maand";0;0;NA;1;1;"een paar keer per maand";1;1;"eens per maand";1;1;"minder dan maandelijks";20;6;"helemaal mee eens";"helemaal mee eens";"helemaal mee eens";"helemaal mee eens";"goed"
69;"vrouw";38;"hoog";1;1;"een paar keer per week";1;1;"minder dan maandelijks";1;0;NA;0;0;NA;1;1;"minder dan maandelijks";1;0;NA;0;0;NA;11;9;"helemaal mee eens";"helemaal mee eens";"mee oneens";"helemaal mee eens";"goed"
136;"man";32;"midden";1;1;"een paar keer per week";1;0;NA;0;0;NA;1;0;NA;0;0;NA;1;1;"minder dan maandelijks";0;0;NA;NA;11;"helemaal mee eens";"mee oneens";"mee eens";"mee eens";"zeer goed"
270;"vrouw";23;"hoog";0;0;NA;1;1;"een paar keer per week";0;0;NA;0;0;NA;1;0;NA;0;0;NA;1;1;"eens per maand";13;NA;"helemaal mee eens";"mee eens";"mee oneens";"helemaal mee eens";"goed"
186;"man";21;"hoog";1;1;"(bijna) elke dag";1;1;"(bijna) elke dag";1;1;"een paar keer per maand";0;0;NA;1;0;NA;0;0;NA;0;0;NA;31;15;"helemaal mee eens";"helemaal mee oneens";"helemaal mee oneens";"helemaal mee eens";"niet goed/niet slecht"
40;"man";25;"hoog";1;1;"een paar keer per week";1;1;"een paar keer per week";1;1;"minder dan maandelijks";1;0;NA;1;0;NA;0;0;NA;0;0;NA;19;10;"helemaal mee eens";"mee eens";"mee oneens";"mee eens";"goed"
218;"man";27;"hoog";1;1;"een paar keer per maand";1;1;"minder dan maandelijks";1;1;"minder dan maandelijks";0;0;NA;1;1;"minder dan maandelijks";0;0;NA;0;0;NA;2;5;"helemaal mee eens";"helemaal mee eens";"mee eens";"mee eens";"goed"
238;"man";28;"midden";1;1;"een paar keer per week";1;1;"een paar keer per week";1;1;"(bijna) elke dag";1;1;"minder dan maandelijks";1;1;"minder dan maandelijks";0;0;NA;0;0;NA;9;6;"helemaal mee eens";"mee eens";"mee oneens";"helemaal mee eens";"goed"
228;"man";26;"midden";0;0;NA;1;0;NA;0;0;NA;0;0;NA;1;1;"een keer";1;1;"een keer";0;0;NA;NA;NA;"helemaal mee eens";"helemaal mee eens";"helemaal mee oneens";"helemaal mee eens";"niet goed/niet slecht"
309;"vrouw";33;"hoog";1;1;"een paar keer per week";0;0;NA;0;0;NA;1;0;NA;1;1;"minder dan maandelijks";1;1;"minder dan maandelijks";0;0;NA;NA;13;"helemaal mee eens";"helemaal mee eens";"mee eens";"helemaal mee eens";"goed"
138;"vrouw";16;"midden";1;1;"een keer";1;0;NA;1;1;"minder dan maandelijks";1;0;NA;0;0;NA;0;0;NA;0;0;NA;NA;8;"helemaal mee eens";"mee oneens";"niet mee eens of oneens";"helemaal mee eens";"zeer goed"
195;"man";19;"hoog";1;1;"een paar keer per week";1;1;"(bijna) elke dag";1;1;"een paar keer per week";1;1;"eens per week";0;0;NA;0;0;NA;0;0;NA;5;10;"helemaal mee eens";"mee eens";"mee oneens";"helemaal mee eens";"goed"
55;"vrouw";19;"hoog";1;1;"een paar keer per week";1;0;NA;1;1;"eens per maand";0;0;NA;0;0;NA;1;0;NA;0;0;NA;NA;11;"helemaal mee eens";"niet mee eens of oneens";"niet mee eens of oneens";"helemaal mee eens";"goed"
290;"vrouw";25;"hoog";1;1;"een paar keer per week";1;0;NA;0;0;NA;1;0;NA;1;1;"minder dan maandelijks";0;0;NA;0;0;NA;NA;9;"helemaal mee eens";"helemaal mee eens";"mee eens";"helemaal mee eens";"slecht"
205;"man";21;"hoog";1;1;"eens per week";0;0;NA;1;1;"een paar keer per maand";1;1;"eens per maand";0;0;NA;0;0;NA;1;1;"eens per maand";NA;6;"helemaal mee eens";"mee eens";"mee eens";"helemaal mee eens";"zeer goed"
45;"man";23;"hoog";1;1;"een paar keer per week";0;0;NA;1;1;"minder dan maandelijks";1;1;"eens per maand";0;0;NA;0;0;NA;0;0;NA;NA;10;"helemaal mee eens";"niet mee eens of oneens";"mee eens";"helemaal mee eens";"niet goed/niet slecht"
300;"man";22;"hoog";1;1;"eens per week";1;1;"minder dan maandelijks";1;0;NA;0;0;NA;1;1;"minder dan maandelijks";1;1;"minder dan maandelijks";1;1;"minder dan maandelijks";3;18;"helemaal mee eens";"helemaal mee eens";"helemaal mee eens";"helemaal mee eens";"zeer goed"
110;"vrouw";35;"midden";1;1;"eens per week";0;0;NA;0;0;NA;1;0;NA;0;0;NA;0;0;NA;0;0;NA;NA;8;"helemaal mee eens";"mee oneens";"helemaal mee oneens";"mee eens";"zeer goed"
264;"man";18;"hoog";1;1;"minder dan maandelijks";1;0;NA;1;1;"minder dan maandelijks";1;0;NA;1;1;"minder dan maandelijks";1;0;NA;0;0;NA;NA;7;"helemaal mee oneens";"mee eens";"niet mee eens of oneens";"mee eens";"zeer goed"
168;"man";29;"hoog";1;1;"eens per maand";0;0;NA;0;0;NA;0;0;NA;0;0;NA;1;1;"minder dan maandelijks";0;0;NA;NA;7;"helemaal mee eens";"mee eens";"helemaal mee eens";"niet mee eens of oneens";"goed"
167;"man";22;"hoog";1;1;"een paar keer per week";1;1;"minder dan maandelijks";1;1;"minder dan maandelijks";0;0;NA;1;1;"een keer";0;0;NA;0;0;NA;2;5;"helemaal mee eens";"mee eens";"mee oneens";"mee eens";"zeer goed"
297;"vrouw";39;"hoog";1;1;"eens per week";0;0;NA;0;0;NA;0;0;NA;1;1;"minder dan maandelijks";1;1;"minder dan maandelijks";1;1;"minder dan maandelijks";NA;11;"helemaal mee eens";"helemaal mee eens";"mee oneens";"niet mee eens of oneens";"zeer goed"
340;"vrouw";24;"hoog";1;1;"een paar keer per maand";1;1;"een paar keer per maand";1;1;"minder dan maandelijks";1;1;"een paar keer per week";1;0;NA;0;0;NA;0;0;NA;2;4;"helemaal mee eens";"helemaal mee eens";"mee eens";"helemaal mee eens";"niet goed/niet slecht"
106;"man";26;"midden";1;1;"een paar keer per week";1;1;"(bijna) elke dag";0;0;NA;1;1;"minder dan maandelijks";1;1;"een keer";1;0;NA;0;0;NA;29;15;"helemaal mee eens";"mee eens";"mee oneens";"niet mee eens of oneens";"goed"
153;"vrouw";28;"hoog";1;1;"een paar keer per week";0;0;NA;0;0;NA;1;1;"een paar keer per maand";1;1;"minder dan maandelijks";0;0;NA;0;0;NA;NA;21;"helemaal mee eens";"mee eens";"helemaal mee eens";"helemaal mee eens";"niet goed/niet slecht"
35;"vrouw";43;"hoog";1;1;"een paar keer per maand";1;1;"eens per week";1;0;NA;1;1;"een paar keer per maand";1;1;"minder dan maandelijks";1;0;NA;0;0;NA;26;10;"helemaal mee eens";"helemaal mee eens";"niet mee eens of oneens";"helemaal mee eens";"niet goed/niet slecht"
46;"man";18;"hoog";1;1;"een paar keer per week";1;0;NA;1;0;NA;1;1;"minder dan maandelijks";1;1;"eens per week";1;1;"een paar keer per maand";0;0;NA;NA;12;"helemaal mee eens";"helemaal mee eens";"helemaal mee eens";"helemaal mee eens";"niet goed/niet slecht"
130;"man";29;"hoog";1;1;"een paar keer per week";1;0;NA;1;1;"minder dan maandelijks";1;0;NA;1;1;"een keer";0;0;NA;0;0;NA;NA;10;"helemaal mee eens";"helemaal mee eens";"mee eens";"helemaal mee eens";"goed"
27;"man";18;"hoog";1;1;"een paar keer per week";1;1;"minder dan maandelijks";1;1;"minder dan maandelijks";1;1;"minder dan maandelijks";1;1;"minder dan maandelijks";0;0;NA;0;0;NA;3;8;"helemaal mee eens";"helemaal mee eens";"helemaal mee oneens";"helemaal mee eens";"niet goed/niet slecht"
79;"man";22;"hoog";1;1;"een paar keer per week";1;1;"(bijna) elke dag";1;1;"(bijna) elke dag";1;1;"een paar keer per maand";1;1;"eens per maand";0;0;NA;0;0;NA;12;10;"helemaal mee eens";"helemaal mee eens";"niet mee eens of oneens";"helemaal mee eens";"goed"
341;"man";28;"hoog";1;1;"eens per week";1;1;"(bijna) elke dag";1;1;"minder dan maandelijks";1;1;"minder dan maandelijks";1;1;"minder dan maandelijks";0;0;NA;1;1;"minder dan maandelijks";12;14;"helemaal mee eens";"helemaal mee eens";"mee oneens";"helemaal mee eens";"niet goed/niet slecht"
105;"man";21;"hoog";1;1;"een paar keer per maand";1;0;NA;1;1;"minder dan maandelijks";1;1;"minder dan maandelijks";1;0;NA;1;0;NA;0;0;NA;NA;14;"helemaal mee eens";"helemaal mee oneens";"helemaal mee oneens";"mee oneens";"goed"
25;"man";28;"hoog";1;1;"minder dan maandelijks";0;0;NA;0;0;NA;0;0;NA;1;1;"minder dan maandelijks";0;0;NA;0;0;NA;NA;11;"helemaal mee eens";"helemaal mee eens";"helemaal mee oneens";"mee eens";"goed"
56;"vrouw";24;"hoog";1;1;"minder dan maandelijks";0;0;NA;0;0;NA;1;0;NA;1;1;"minder dan maandelijks";1;1;"minder dan maandelijks";0;0;NA;NA;2;"helemaal mee eens";"helemaal mee eens";"mee eens";"helemaal mee eens";"goed"
281;"vrouw";23;"laag";1;1;"eens per week";1;1;"een paar keer per maand";0;0;NA;1;0;NA;1;0;NA;1;1;"minder dan maandelijks";0;0;NA;1;10;"helemaal mee eens";"helemaal mee eens";"mee oneens";"mee eens";"goed"
99;"vrouw";22;"hoog";1;1;"een paar keer per week";1;1;"minder dan maandelijks";1;1;"een paar keer per week";1;0;NA;1;1;"een keer";0;0;NA;1;1;"minder dan maandelijks";7;6;"helemaal mee eens";"mee oneens";"helemaal mee oneens";"weet niet";"goed"
227;"vrouw";31;"midden";1;1;"een paar keer per week";0;0;NA;1;1;"een paar keer per maand";1;0;NA;1;1;"eens per maand";1;1;"minder dan maandelijks";0;0;NA;NA;20;"helemaal mee eens";"helemaal mee eens";"helemaal mee eens";"helemaal mee eens";"niet goed/niet slecht"
244;"vrouw";22;"midden";1;1;"een paar keer per week";1;1;"(bijna) elke dag";0;0;NA;1;1;"een keer";0;0;NA;0;0;NA;0;0;NA;4;17;"helemaal mee eens";"helemaal mee eens";"helemaal mee oneens";"helemaal mee eens";"goed"
165;"man";40;"laag";1;1;"een paar keer per week";1;1;"(bijna) elke dag";1;1;"een paar keer per week";1;0;NA;1;0;NA;0;0;NA;0;0;NA;18;14;"helemaal mee eens";"mee eens";"mee oneens";"helemaal mee eens";"niet goed/niet slecht"
344;"man";20;"hoog";1;1;"een paar keer per week";1;1;"een paar keer per week";1;1;"een paar keer per maand";1;1;"eens per maand";1;1;"eens per maand";0;0;NA;1;1;"eens per week";2;10;"helemaal mee eens";"helemaal mee eens";"mee eens";"helemaal mee eens";"niet goed/niet slecht"
233;"man";20;"hoog";1;1;"een paar keer per week";0;0;NA;1;1;"een paar keer per maand";1;1;"eens per week";1;1;"minder dan maandelijks";0;0;NA;1;1;"een keer";NA;25;"helemaal mee eens";"helemaal mee eens";"helemaal mee oneens";"helemaal mee eens";"goed"
59;"vrouw";22;"midden";1;1;"een paar keer per maand";1;0;NA;1;1;"minder dan maandelijks";1;0;NA;0;0;NA;0;0;NA;1;1;"eens per maand";NA;3;"helemaal mee eens";"mee eens";"helemaal mee oneens";"helemaal mee eens";"goed"
276;"vrouw";22;"hoog";1;1;"een paar keer per maand";0;0;NA;1;1;"een keer";0;0;NA;0;0;NA;0;0;NA;0;0;NA;NA;9;"helemaal mee eens";"helemaal mee oneens";"mee oneens";"helemaal mee oneens";"zeer goed"
95;"man";20;"hoog";1;1;"eens per maand";1;0;NA;1;1;"eens per week";1;0;NA;0;0;NA;0;0;NA;0;0;NA;NA;9;"mee oneens";"mee eens";"mee eens";"mee eens";"goed"
255;"man";21;"midden";1;1;"eens per week";1;1;"minder dan maandelijks";0;0;NA;0;0;NA;1;0;NA;1;0;NA;0;0;NA;6;12;"weet niet";"niet mee eens of oneens";"helemaal mee oneens";"mee eens";"zeer goed"
202;"vrouw";24;"hoog";1;1;"eens per week";1;1;"een keer";0;0;NA;0;0;NA;0;0;NA;0;0;NA;0;0;NA;9;1;"helemaal mee eens";"mee oneens";"helemaal mee oneens";"niet mee eens of oneens";"zeer goed"
58;"man";19;"hoog";1;1;"(bijna) elke dag";1;1;"(bijna) elke dag";1;0;NA;1;0;NA;1;0;NA;NA;1;"een keer";1;1;"minder dan maandelijks";31;4;"helemaal mee eens";"mee eens";"helemaal mee eens";"mee eens";"goed"
172;"vrouw";45;"midden";0;0;NA;1;1;"(bijna) elke dag";0;0;NA;0;0;NA;1;1;"eens per maand";1;0;NA;0;0;NA;13;NA;"mee eens";"helemaal mee eens";"mee eens";"helemaal mee eens";"goed"
283;"vrouw";24;"hoog";1;1;"een paar keer per week";1;1;"(bijna) elke dag";0;0;NA;1;0;NA;0;0;NA;1;1;"minder dan maandelijks";1;1;"minder dan maandelijks";16;10;"helemaal mee eens";"helemaal mee eens";"helemaal mee eens";"helemaal mee eens";"goed"
148;"vrouw";31;"hoog";1;1;"eens per week";0;0;NA;1;1;"een keer";1;0;NA;0;0;NA;0;0;NA;0;0;NA;NA;3;"helemaal mee eens";"mee oneens";"helemaal mee oneens";"helemaal mee eens";"goed"
256;"man";21;"hoog";1;1;"een paar keer per week";1;1;"(bijna) elke dag";0;0;NA;1;0;NA;1;1;"minder dan maandelijks";0;0;NA;1;1;"een paar keer per maand";1;15;"helemaal mee eens";"helemaal mee eens";"niet mee eens of oneens";"helemaal mee eens";"goed"
327;"vrouw";17;"hoog";1;1;"een paar keer per week";1;1;"(bijna) elke dag";1;1;"minder dan maandelijks";0;0;NA;1;1;"een keer";1;0;NA;0;0;NA;28;5;"helemaal mee eens";"helemaal mee eens";"niet mee eens of oneens";"mee eens";"goed"
250;"man";40;"hoog";1;1;"eens per maand";1;1;"een paar keer per maand";0;0;NA;1;1;"minder dan maandelijks";1;1;"een paar keer per maand";0;0;NA;1;0;NA;5;6;"helemaal mee eens";"helemaal mee eens";"mee eens";"helemaal mee eens";"goed"
201;"vrouw";35;"midden";1;1;"een paar keer per maand";0;0;NA;0;0;NA;0;0;NA;0;0;NA;1;0;NA;0;0;NA;NA;11;"mee eens";"niet mee eens of oneens";"mee oneens";"niet mee eens of oneens";"zeer goed"
150;"man";30;"hoog";1;1;"eens per week";1;0;NA;0;0;NA;1;0;NA;0;0;NA;1;1;"een keer";1;0;NA;NA;5;"helemaal mee eens";"mee eens";"mee eens";"niet mee eens of oneens";"goed"
182;"man";21;"midden";1;1;"een paar keer per week";1;0;NA;1;1;"minder dan maandelijks";1;1;"eens per maand";0;0;NA;0;0;NA;1;1;"een keer";NA;16;"helemaal mee eens";"helemaal mee oneens";"niet mee eens of oneens";"mee eens";"goed"
206;"vrouw";22;"hoog";1;1;"een paar keer per week";0;0;NA;1;1;"eens per maand";1;0;NA;0;0;NA;0;0;NA;1;1;"een keer";NA;20;"helemaal mee eens";"mee eens";"mee oneens";"helemaal mee eens";"goed"
49;"vrouw";25;"laag";1;1;"een paar keer per week";1;1;"(bijna) elke dag";0;0;NA;1;0;NA;1;1;"minder dan maandelijks";0;0;NA;0;0;NA;11;7;"helemaal mee eens";"helemaal mee eens";"niet mee eens of oneens";"helemaal mee eens";"zeer slecht"
7;"man";40;"hoog";1;1;"een paar keer per week";1;0;NA;0;0;NA;0;0;NA;0;0;NA;1;0;NA;0;0;NA;NA;10;"helemaal mee eens";"helemaal mee oneens";"mee oneens";"helemaal mee oneens";"goed"
189;"man";21;"hoog";1;1;"(bijna) elke dag";1;1;"(bijna) elke dag";0;0;NA;1;1;"minder dan maandelijks";1;1;"eens per maand";1;1;"minder dan maandelijks";1;0;NA;26;8;"helemaal mee eens";"helemaal mee eens";"mee eens";"helemaal mee eens";"slecht"
263;"anders";21;"midden";1;1;"(bijna) elke dag";1;1;"(bijna) elke dag";1;1;"een paar keer per maand";1;1;"eens per week";1;1;"minder dan maandelijks";1;1;"minder dan maandelijks";1;1;"eens per maand";14;12;"helemaal mee eens";"helemaal mee eens";"mee eens";"helemaal mee eens";"niet goed/niet slecht"
265;"vrouw";38;"hoog";1;1;"eens per maand";0;0;NA;1;0;NA;0;0;NA;0;0;NA;1;1;"minder dan maandelijks";0;0;NA;NA;4;"helemaal mee eens";"mee eens";"mee eens";"mee eens";"zeer goed"
184;"vrouw";23;"hoog";1;1;"minder dan maandelijks";1;0;NA;0;0;NA;1;0;NA;1;0;NA;0;0;NA;0;0;NA;NA;14;"helemaal mee oneens";"mee oneens";"mee eens";"mee eens";"zeer goed"
102;"vrouw";25;"hoog";1;1;"een paar keer per week";1;1;"eens per week";1;1;"een paar keer per maand";1;1;"eens per week";0;0;NA;0;0;NA;0;0;NA;2;5;"helemaal mee eens";"helemaal mee oneens";"mee oneens";"mee eens";"zeer goed"
74;"vrouw";19;"hoog";1;1;"een paar keer per maand";0;0;NA;0;0;NA;1;1;"minder dan maandelijks";1;1;"een keer";1;0;NA;0;0;NA;NA;8;"helemaal mee eens";"helemaal mee eens";"mee oneens";"mee eens";"goed"
294;"vrouw";25;"hoog";1;1;"eens per week";0;0;NA;0;0;NA;0;0;NA;1;1;"eens per maand";0;0;NA;1;1;"minder dan maandelijks";NA;3;"helemaal mee eens";"helemaal mee eens";"mee eens";"mee eens";"zeer goed"
14;"vrouw";21;"hoog";1;1;"een paar keer per week";1;0;NA;0;0;NA;0;0;NA;1;0;NA;0;0;NA;0;0;NA;NA;15;"helemaal mee eens";"weet niet";"niet mee eens of oneens";"helemaal mee eens";"niet goed/niet slecht"
188;"man";22;"hoog";1;1;"eens per week";1;0;NA;1;1;"minder dan maandelijks";1;1;"minder dan maandelijks";1;1;"minder dan maandelijks";1;1;"eens per maand";0;0;NA;NA;17;"helemaal mee eens";"helemaal mee eens";"helemaal mee eens";"helemaal mee eens";"goed"
94;"man";21;"hoog";1;1;"een paar keer per maand";0;0;NA;0;0;NA;1;0;NA;1;1;"minder dan maandelijks";0;0;NA;1;1;"een keer";NA;12;"helemaal mee eens";"helemaal mee eens";"mee oneens";"helemaal mee eens";"niet goed/niet slecht"
191;"man";18;"hoog";1;1;"een paar keer per week";1;1;"(bijna) elke dag";1;1;"een keer";1;1;"minder dan maandelijks";0;0;NA;0;0;NA;0;0;NA;6;18;"helemaal mee eens";"helemaal mee eens";"helemaal mee oneens";"mee eens";"goed"
15;"man";27;"hoog";1;1;"een paar keer per week";0;0;NA;1;1;"(bijna) elke dag";0;0;NA;1;1;"minder dan maandelijks";1;1;"minder dan maandelijks";0;0;NA;NA;6;"helemaal mee eens";"helemaal mee eens";"helemaal mee eens";"helemaal mee eens";"goed"
226;"vrouw";24;"hoog";1;1;"eens per week";1;1;"eens per maand";1;1;"minder dan maandelijks";1;0;NA;1;1;"eens per maand";1;1;"een paar keer per maand";0;0;NA;2;11;"helemaal mee eens";"helemaal mee eens";"helemaal mee eens";"helemaal mee eens";"goed"
220;"man";23;"hoog";1;1;"een paar keer per week";1;1;"(bijna) elke dag";1;1;"een paar keer per week";0;0;NA;1;0;NA;1;1;"minder dan maandelijks";0;0;NA;6;8;"helemaal mee eens";"helemaal mee eens";"helemaal mee eens";"helemaal mee eens";"goed"
78;"vrouw";22;"midden";1;1;"een paar keer per maand";1;1;"eens per week";1;1;"(bijna) elke dag";1;1;"een paar keer per maand";0;0;NA;1;1;"eens per maand";0;0;NA;5;12;"helemaal mee eens";"mee eens";"helemaal mee eens";"helemaal mee eens";"goed"
63;"vrouw";22;"hoog";1;1;"(bijna) elke dag";0;0;NA;0;0;NA;1;0;NA;0;0;NA;1;1;"eens per maand";0;0;NA;NA;10;"helemaal mee eens";"weet niet";"helemaal mee eens";"helemaal mee eens";"goed"
219;"man";17;"laag";1;1;"minder dan maandelijks";1;1;"(bijna) elke dag";1;1;"minder dan maandelijks";1;0;NA;0;0;NA;0;0;NA;1;1;"minder dan maandelijks";15;12;"helemaal mee eens";"mee oneens";"helemaal mee oneens";"mee eens";"goed"
151;"man";22;"midden";1;1;"een paar keer per week";1;1;"(bijna) elke dag";1;1;"een paar keer per maand";1;1;"minder dan maandelijks";1;1;"minder dan maandelijks";0;0;NA;0;0;NA;38;7;"helemaal mee eens";"helemaal mee eens";"mee oneens";"helemaal mee eens";"niet goed/niet slecht"
298;"vrouw";25;"hoog";1;1;"een paar keer per week";1;0;NA;1;1;"minder dan maandelijks";1;0;NA;1;1;"een keer";1;1;"een keer";0;0;NA;NA;18;"helemaal mee eens";"niet mee eens of oneens";"mee eens";"mee eens";"zeer goed"
43;"man";20;"hoog";1;1;"een paar keer per week";0;0;NA;0;0;NA;1;1;"eens per maand";1;1;"minder dan maandelijks";1;1;"minder dan maandelijks";1;1;"minder dan maandelijks";NA;16;"helemaal mee eens";"helemaal mee eens";"mee eens";"helemaal mee eens";"goed"
125;"man";28;"midden";1;1;"eens per week";1;1;"(bijna) elke dag";1;1;"eens per maand";1;1;"een paar keer per week";1;1;"minder dan maandelijks";0;0;NA;1;1;"een keer";10;12;"helemaal mee eens";"helemaal mee eens";"helemaal mee oneens";"mee eens";"niet goed/niet slecht"
260;"vrouw";33;"hoog";1;1;"een paar keer per maand";1;1;"een keer";1;1;"minder dan maandelijks";1;0;NA;1;1;"minder dan maandelijks";1;1;"minder dan maandelijks";1;0;NA;1;7;"helemaal mee eens";"helemaal mee eens";"mee eens";"helemaal mee eens";"goed"
231;"man";32;NA;1;1;"een paar keer per maand";0;0;NA;0;0;NA;0;0;NA;0;0;NA;0;0;NA;1;1;"minder dan maandelijks";NA;10;"helemaal mee eens";"mee eens";"mee eens";"mee oneens";"goed"
213;"man";30;"midden";1;1;"een paar keer per week";1;1;"(bijna) elke dag";1;1;"(bijna) elke dag";1;1;"minder dan maandelijks";1;1;"minder dan maandelijks";1;1;"een paar keer per maand";1;1;"minder dan maandelijks";20;24;"helemaal mee eens";"helemaal mee eens";"helemaal mee eens";"helemaal mee eens";"niet goed/niet slecht"
124;"vrouw";22;"hoog";1;1;"eens per week";1;0;NA;1;1;"eens per maand";0;0;NA;1;0;NA;1;0;NA;0;0;NA;NA;6;"helemaal mee eens";"helemaal mee eens";"mee oneens";"mee eens";"goed"
181;"man";21;"midden";1;0;NA;1;1;"eens per week";0;0;NA;1;1;"minder dan maandelijks";1;1;"een keer";0;0;NA;1;1;"een keer";10;NA;"helemaal mee oneens";"mee eens";"niet mee eens of oneens";"helemaal mee eens";"goed"
239;"man";25;"midden";1;1;"een paar keer per week";1;0;NA;0;0;NA;1;1;"een paar keer per maand";1;1;"minder dan maandelijks";1;1;"een paar keer per maand";1;1;"een paar keer per maand";NA;5;"helemaal mee eens";"helemaal mee eens";"helemaal mee eens";"helemaal mee eens";"goed"
155;"vrouw";22;"hoog";1;1;"een paar keer per week";1;1;"(bijna) elke dag";1;1;"eens per week";1;1;"een paar keer per week";1;0;NA;1;0;NA;1;0;NA;34;11;"helemaal mee eens";"mee eens";"helemaal mee oneens";"weet niet";"niet goed/niet slecht"
326;"vrouw";29;"hoog";1;1;"een paar keer per week";1;1;"(bijna) elke dag";1;1;"een paar keer per maand";0;0;NA;1;1;"eens per maand";1;0;NA;1;1;"een paar keer per maand";32;5;"helemaal mee eens";"helemaal mee eens";"weet niet";"helemaal mee eens";"niet goed/niet slecht"
146;"man";22;"hoog";1;1;"een paar keer per maand";1;1;"minder dan maandelijks";0;0;NA;1;0;NA;0;0;NA;0;0;NA;0;0;NA;2;11;"helemaal mee eens";"mee oneens";"mee eens";"helemaal mee oneens";"goed"
268;"vrouw";27;"hoog";1;1;"een paar keer per maand";0;0;NA;0;0;NA;1;1;"een keer";1;1;"minder dan maandelijks";0;0;NA;1;1;"minder dan maandelijks";NA;3;"helemaal mee eens";"mee eens";"mee oneens";"mee eens";"goed"
52;"vrouw";19;NA;1;1;"eens per maand";1;1;"(bijna) elke dag";1;1;"een paar keer per week";0;0;NA;0;0;NA;0;0;NA;0;0;NA;26;6;"helemaal mee eens";"mee eens";"helemaal mee oneens";"helemaal mee eens";"niet goed/niet slecht"
274;"man";18;"midden";1;1;"een paar keer per week";1;1;"eens per maand";1;1;"eens per week";1;1;"minder dan maandelijks";1;1;"een paar keer per maand";1;0;NA;1;1;"minder dan maandelijks";3;6;"helemaal mee eens";"helemaal mee eens";"niet mee eens of oneens";"helemaal mee eens";"niet goed/niet slecht"
286;"vrouw";28;"hoog";1;1;"een paar keer per maand";0;0;NA;0;0;NA;1;1;"een keer";1;1;"minder dan maandelijks";1;1;"minder dan maandelijks";0;0;NA;NA;11;"helemaal mee eens";"helemaal mee eens";"mee eens";"mee eens";"goed"
44;"man";23;"hoog";1;1;"een paar keer per week";1;1;"(bijna) elke dag";1;1;"minder dan maandelijks";1;1;"een paar keer per week";0;0;NA;1;1;"een keer";0;0;NA;10;5;"helemaal mee eens";"helemaal mee oneens";"mee eens";"mee eens";"niet goed/niet slecht"
333;"vrouw";18;"hoog";1;1;"een paar keer per week";1;0;NA;0;0;NA;1;1;"minder dan maandelijks";1;1;"minder dan maandelijks";1;0;NA;0;0;NA;NA;14;"helemaal mee eens";"helemaal mee eens";"niet mee eens of oneens";"helemaal mee eens";"goed"
16;"man";21;"midden";1;1;"een paar keer per week";1;1;"een paar keer per week";1;1;"een paar keer per week";1;1;"eens per week";1;1;"minder dan maandelijks";0;0;NA;0;0;NA;13;11;"helemaal mee eens";"helemaal mee eens";"mee oneens";"helemaal mee eens";"goed"
200;"man";23;"hoog";1;1;"een paar keer per week";1;1;"eens per maand";1;1;"een paar keer per week";1;1;"minder dan maandelijks";1;1;"een keer";0;0;NA;1;1;"een keer";14;19;"helemaal mee eens";"mee eens";"niet mee eens of oneens";"helemaal mee eens";"niet goed/niet slecht"
291;"man";37;"hoog";1;1;"eens per week";1;1;"een keer";1;1;"minder dan maandelijks";0;0;NA;0;0;NA;0;0;NA;1;0;NA;1;7;"helemaal mee eens";"mee eens";"helemaal mee oneens";"mee eens";"zeer goed"
133;"man";16;"midden";1;1;"een paar keer per week";1;1;"een paar keer per maand";0;0;NA;1;0;NA;1;0;NA;1;1;"minder dan maandelijks";1;1;"minder dan maandelijks";4;10;"helemaal mee eens";"mee eens";"helemaal mee eens";"helemaal mee eens";"slecht"
304;"man";23;"hoog";1;1;"eens per week";1;1;"eens per week";0;0;NA;1;0;NA;1;1;"minder dan maandelijks";0;0;NA;0;0;NA;1;16;"helemaal mee eens";"mee eens";"mee eens";"helemaal mee eens";"goed"
234;"man";21;"hoog";1;1;"een paar keer per maand";1;1;"minder dan maandelijks";0;0;NA;1;1;"een keer";1;0;NA;0;0;NA;0;0;NA;4;19;"helemaal mee eens";"mee eens";"mee oneens";"helemaal mee eens";"goed"
251;"vrouw";19;"midden";1;1;"een paar keer per week";1;1;"een paar keer per week";1;1;"een paar keer per maand";0;0;NA;0;0;NA;0;0;NA;1;1;"minder dan maandelijks";1;9;"helemaal mee eens";"helemaal mee eens";"mee oneens";"helemaal mee eens";"niet goed/niet slecht"
135;"vrouw";32;"midden";1;1;"een paar keer per week";1;0;NA;1;0;NA;1;1;"eens per maand";1;1;"eens per maand";1;1;"minder dan maandelijks";0;0;NA;NA;7;"helemaal mee eens";"helemaal mee eens";"helemaal mee eens";"mee eens";"zeer goed"
123;"vrouw";23;"hoog";1;1;"een paar keer per week";1;1;"minder dan maandelijks";1;1;"eens per week";1;1;"eens per maand";0;0;NA;1;1;"eens per week";1;1;"minder dan maandelijks";3;3;"helemaal mee eens";"mee eens";"helemaal mee eens";"mee eens";"goed"
346;"man";17;"hoog";1;1;"(bijna) elke dag";1;1;"(bijna) elke dag";1;0;NA;1;1;"(bijna) elke dag";NA;1;"een keer";0;0;NA;0;0;NA;4;21;"helemaal mee eens";"niet mee eens of oneens";"helemaal mee oneens";"weet niet";"niet goed/niet slecht"
36;"man";17;"midden";1;1;"een paar keer per week";1;1;"(bijna) elke dag";1;1;"minder dan maandelijks";1;1;"eens per maand";1;0;NA;1;0;NA;0;0;NA;16;8;"helemaal mee eens";"mee eens";"helemaal mee eens";"helemaal mee eens";"goed"
104;"man";17;"midden";1;1;"een paar keer per week";1;1;"minder dan maandelijks";1;1;"minder dan maandelijks";1;1;"minder dan maandelijks";1;1;"minder dan maandelijks";0;0;NA;1;0;NA;5;10;"helemaal mee eens";"helemaal mee eens";"mee oneens";"helemaal mee eens";"goed"
198;"vrouw";20;"hoog";1;1;"eens per week";1;1;"een paar keer per week";1;1;"eens per maand";1;1;"(bijna) elke dag";1;1;"minder dan maandelijks";1;1;"eens per week";1;1;"een paar keer per week";30;13;"helemaal mee eens";"helemaal mee eens";"helemaal mee eens";"helemaal mee eens";"slecht"
120;"vrouw";25;"hoog";1;1;"een paar keer per maand";0;0;NA;0;0;NA;1;1;"een keer";1;0;NA;0;0;NA;1;1;"minder dan maandelijks";NA;4;"mee eens";"helemaal mee eens";"niet mee eens of oneens";"helemaal mee oneens";"zeer goed"
161;"man";20;"hoog";1;1;"eens per week";1;1;"een paar keer per maand";0;0;NA;1;1;"(bijna) elke dag";1;1;"minder dan maandelijks";0;0;NA;1;1;"een keer";15;8;"helemaal mee eens";"mee eens";"niet mee eens of oneens";"helemaal mee eens";"goed"
24;"man";26;"hoog";1;1;"een paar keer per week";0;0;NA;1;1;"eens per maand";1;1;"minder dan maandelijks";1;1;"minder dan maandelijks";0;0;NA;1;1;"eens per week";NA;5;"helemaal mee eens";"mee eens";"helemaal mee eens";"helemaal mee eens";"goed"
121;"man";29;"midden";1;1;"een paar keer per week";0;0;NA;0;0;NA;1;0;NA;1;0;NA;1;1;"minder dan maandelijks";0;0;NA;NA;19;"helemaal mee eens";"mee oneens";"weet niet";"mee oneens";"goed"
21;"man";28;NA;1;1;"een paar keer per week";1;1;"een paar keer per week";1;1;"eens per maand";1;0;NA;1;1;"minder dan maandelijks";1;1;"eens per maand";1;1;"minder dan maandelijks";37;9;"helemaal mee eens";"helemaal mee eens";"helemaal mee eens";"helemaal mee eens";"niet goed/niet slecht"
275;"vrouw";32;"midden";1;0;NA;1;1;"(bijna) elke dag";0;0;NA;1;0;NA;0;0;NA;1;1;"minder dan maandelijks";0;0;NA;26;NA;"helemaal mee eens";"niet mee eens of oneens";"mee eens";"helemaal mee eens";"goed"
90;"man";20;"hoog";1;1;"een paar keer per week";1;1;"een paar keer per week";1;1;"minder dan maandelijks";1;1;"een keer";0;0;NA;0;0;NA;0;0;NA;9;10;"helemaal mee eens";"helemaal mee oneens";"mee oneens";"mee eens";"goed"
224;"vrouw";23;"midden";1;1;"een paar keer per week";1;0;NA;0;0;NA;1;1;"minder dan maandelijks";1;1;"minder dan maandelijks";0;0;NA;0;0;NA;NA;12;"helemaal mee eens";"helemaal mee eens";"niet mee eens of oneens";"niet mee eens of oneens";"zeer goed"
117;"vrouw";18;"hoog";1;1;"een paar keer per maand";0;0;NA;0;0;NA;1;0;NA;0;0;NA;0;0;NA;0;0;NA;NA;7;"helemaal mee eens";"helemaal mee eens";"mee oneens";"mee eens";"goed"
174;"vrouw";29;"hoog";1;1;"een paar keer per maand";1;1;"(bijna) elke dag";1;1;"minder dan maandelijks";1;0;NA;1;0;NA;1;1;"minder dan maandelijks";1;1;"een paar keer per maand";8;9;"helemaal mee eens";"helemaal mee eens";"helemaal mee eens";"helemaal mee eens";"goed"
214;"man";22;"hoog";1;1;"een paar keer per maand";1;0;NA;1;1;"eens per maand";1;1;"(bijna) elke dag";1;1;"minder dan maandelijks";0;0;NA;1;1;"minder dan maandelijks";NA;21;"helemaal mee eens";"helemaal mee eens";"mee eens";"helemaal mee eens";"goed"
334;"vrouw";22;"hoog";1;1;"eens per maand";0;0;NA;0;0;NA;1;0;NA;1;0;NA;0;0;NA;0;0;NA;NA;5;"helemaal mee eens";"helemaal mee eens";"mee eens";"helemaal mee eens";"niet goed/niet slecht"
37;"man";18;"midden";1;1;"een paar keer per week";1;1;"een paar keer per week";0;0;NA;0;0;NA;0;0;NA;1;1;"minder dan maandelijks";0;0;NA;1;20;"helemaal mee eens";"helemaal mee oneens";"mee eens";"helemaal mee eens";"goed"
42;"vrouw";29;"hoog";1;1;"minder dan maandelijks";0;0;NA;0;0;NA;1;1;"een keer";1;1;"minder dan maandelijks";1;1;"minder dan maandelijks";1;1;"een paar keer per maand";NA;4;"mee eens";"helemaal mee eens";"helemaal mee eens";"weet niet";"goed"
323;"man";26;"midden";1;1;"eens per week";1;1;"minder dan maandelijks";1;1;"minder dan maandelijks";0;0;NA;1;0;NA;0;0;NA;1;1;"eens per week";2;15;"helemaal mee eens";"helemaal mee eens";"niet mee eens of oneens";"helemaal mee eens";"goed"
10;"vrouw";28;"hoog";1;1;"een paar keer per week";0;0;NA;1;1;"een paar keer per maand";1;0;NA;1;1;"minder dan maandelijks";0;0;NA;0;0;NA;NA;16;"helemaal mee eens";"helemaal mee eens";"helemaal mee oneens";"helemaal mee eens";"goed"
111;"man";22;"hoog";1;1;"eens per week";0;0;NA;0;0;NA;1;0;NA;1;1;"eens per maand";NA;1;"eens per maand";1;1;"een paar keer per maand";NA;23;"helemaal mee eens";"helemaal mee eens";"helemaal mee eens";"helemaal mee eens";"goed"
345;"vrouw";33;"hoog";1;1;"een paar keer per week";0;0;NA;1;1;"een paar keer per maand";1;1;"minder dan maandelijks";0;0;NA;1;1;"minder dan maandelijks";1;1;"een paar keer per maand";NA;21;"helemaal mee eens";"mee eens";"helemaal mee eens";"helemaal mee eens";"goed"
116;"man";19;"midden";1;1;"een paar keer per week";1;1;"eens per maand";1;1;"een paar keer per week";1;0;NA;1;0;NA;0;0;NA;0;0;NA;2;13;"helemaal mee eens";"helemaal mee oneens";"mee oneens";"helemaal mee eens";"niet goed/niet slecht"
204;"vrouw";23;"hoog";1;1;"een paar keer per week";1;1;"eens per week";1;0;NA;1;1;"een paar keer per maand";1;0;NA;0;0;NA;0;0;NA;3;9;"helemaal mee eens";"helemaal mee oneens";"mee oneens";"helemaal mee eens";"goed"
88;"vrouw";22;"hoog";1;1;"eens per week";1;1;"eens per maand";1;1;"(bijna) elke dag";1;1;"minder dan maandelijks";1;1;"minder dan maandelijks";1;1;"minder dan maandelijks";1;1;"eens per maand";26;4;"helemaal mee eens";"helemaal mee eens";"helemaal mee eens";"helemaal mee eens";"goed"
126;"man";31;"laag";1;1;"een paar keer per week";1;1;"(bijna) elke dag";0;0;NA;1;1;"minder dan maandelijks";0;0;NA;0;0;NA;1;1;"een keer";35;7;"helemaal mee eens";"mee eens";"helemaal mee oneens";"helemaal mee eens";"niet goed/niet slecht"
152;"man";17;"hoog";1;1;"een paar keer per week";1;1;"een paar keer per maand";1;0;NA;0;0;NA;1;1;"minder dan maandelijks";0;0;NA;0;0;NA;5;14;"helemaal mee eens";"helemaal mee eens";"helemaal mee eens";"niet mee eens of oneens";"goed"
296;"vrouw";15;"hoog";1;1;"een paar keer per week";1;1;"een paar keer per week";1;1;"een paar keer per week";1;0;NA;0;0;NA;0;0;NA;0;0;NA;28;8;"helemaal mee eens";"mee eens";"mee oneens";"helemaal mee eens";"niet goed/niet slecht"
132;"vrouw";25;"hoog";1;1;"een paar keer per week";1;1;"eens per maand";1;1;"eens per week";1;1;"minder dan maandelijks";1;1;"minder dan maandelijks";0;0;NA;0;0;NA;3;3;"helemaal mee eens";"helemaal mee eens";"helemaal mee oneens";"mee eens";"zeer goed"
91;"vrouw";25;"hoog";1;1;"eens per week";1;0;NA;0;0;NA;1;1;"minder dan maandelijks";1;1;"een keer";1;1;"een keer";0;0;NA;NA;12;"helemaal mee eens";"mee eens";"mee eens";"mee oneens";"zeer goed"
139;"vrouw";25;"hoog";1;1;"een paar keer per maand";0;0;NA;1;0;NA;1;0;NA;1;0;NA;1;0;NA;1;0;NA;NA;5;"helemaal mee eens";"niet mee eens of oneens";"helemaal mee oneens";"niet mee eens of oneens";"goed"
210;"vrouw";20;NA;1;1;"een paar keer per week";1;1;"(bijna) elke dag";1;1;"minder dan maandelijks";1;0;NA;0;0;NA;0;0;NA;1;1;"een keer";10;17;"helemaal mee eens";"mee eens";"helemaal mee oneens";"helemaal mee eens";"goed"
314;"vrouw";21;"hoog";1;1;"eens per week";0;0;NA;0;0;NA;0;0;NA;1;1;"minder dan maandelijks";0;0;NA;1;1;"minder dan maandelijks";NA;7;"helemaal mee eens";"mee eens";"helemaal mee oneens";"mee eens";"zeer goed"
145;"vrouw";24;"midden";1;1;"een paar keer per week";1;1;"een paar keer per week";1;1;"een keer";1;0;NA;1;1;"minder dan maandelijks";1;1;"minder dan maandelijks";1;1;"een keer";14;5;"helemaal mee eens";"helemaal mee eens";"mee eens";"niet mee eens of oneens";"goed"
332;"vrouw";24;"hoog";1;1;"een paar keer per week";1;1;"eens per week";0;0;NA;1;1;"eens per week";1;1;"minder dan maandelijks";0;0;NA;1;1;"eens per maand";26;16;"helemaal mee eens";"helemaal mee eens";"mee oneens";"helemaal mee eens";"goed"
232;"man";18;"hoog";1;1;"eens per maand";1;1;"een paar keer per maand";1;1;"een keer";1;1;"minder dan maandelijks";1;1;"een keer";0;0;NA;1;1;"een keer";10;13;"helemaal mee eens";"mee oneens";"niet mee eens of oneens";"helemaal mee eens";"goed"
171;"vrouw";27;"hoog";1;1;"eens per week";0;0;NA;0;0;NA;0;0;NA;1;1;"minder dan maandelijks";1;0;NA;0;0;NA;NA;5;"helemaal mee eens";"mee eens";"helemaal mee oneens";"helemaal mee eens";"goed"
208;"vrouw";30;"midden";1;1;"een paar keer per week";1;1;"(bijna) elke dag";1;1;"minder dan maandelijks";1;1;"een paar keer per week";1;1;"een paar keer per maand";1;1;"een paar keer per maand";0;0;NA;10;9;"helemaal mee eens";"helemaal mee eens";"helemaal mee eens";"helemaal mee eens";"niet goed/niet slecht"
17;"vrouw";34;"hoog";1;1;"een paar keer per week";1;1;"(bijna) elke dag";0;0;NA;1;1;"(bijna) elke dag";0;0;NA;0;0;NA;0;0;NA;17;8;"helemaal mee eens";"mee oneens";"helemaal mee oneens";"helemaal mee eens";"slecht"
33;"vrouw";22;"hoog";1;1;"een paar keer per week";1;1;"een paar keer per week";1;1;"een paar keer per maand";1;0;NA;0;0;NA;0;0;NA;0;0;NA;31;16;"helemaal mee eens";"helemaal mee oneens";"helemaal mee oneens";"mee eens";"goed"
128;"man";23;"hoog";1;1;"eens per week";1;1;"(bijna) elke dag";1;1;"een paar keer per maand";1;1;"minder dan maandelijks";1;1;"minder dan maandelijks";0;0;NA;1;1;"een keer";3;13;"helemaal mee eens";"helemaal mee eens";"mee eens";"helemaal mee eens";"niet goed/niet slecht"
169;"man";20;"midden";1;1;"een paar keer per maand";0;0;NA;0;0;NA;1;1;"een keer";1;1;"minder dan maandelijks";0;0;NA;0;0;NA;NA;17;"helemaal mee oneens";"helemaal mee eens";"helemaal mee oneens";"niet mee eens of oneens";"zeer goed"
122;"man";22;"hoog";1;1;"eens per week";0;0;NA;0;0;NA;1;0;NA;1;1;"minder dan maandelijks";1;1;"minder dan maandelijks";0;0;NA;NA;26;"helemaal mee eens";"helemaal mee eens";"mee eens";"mee eens";"zeer goed"
154;"vrouw";21;"hoog";1;1;"eens per week";1;1;"eens per maand";0;0;NA;0;0;NA;0;0;NA;0;0;NA;0;0;NA;2;17;"helemaal mee eens";"niet mee eens of oneens";"helemaal mee oneens";"mee eens";"zeer goed"
301;"vrouw";28;"midden";1;1;"eens per week";1;1;"minder dan maandelijks";0;0;NA;0;0;NA;1;1;"minder dan maandelijks";0;0;NA;0;0;NA;8;16;"helemaal mee eens";"mee eens";"mee eens";"helemaal mee eens";"goed"
83;"vrouw";28;"laag";1;1;"een paar keer per week";1;1;"(bijna) elke dag";1;0;NA;1;1;"een paar keer per maand";1;1;"minder dan maandelijks";1;1;"minder dan maandelijks";0;0;NA;29;18;"weet niet";"helemaal mee eens";"mee eens";"mee eens";"goed"
96;"man";18;"midden";1;1;"een paar keer per week";1;1;"een paar keer per week";1;1;"een paar keer per maand";1;1;"een paar keer per week";1;0;NA;0;0;NA;0;0;NA;4;9;"helemaal mee eens";"helemaal mee eens";"niet mee eens of oneens";"helemaal mee eens";"goed"
246;"vrouw";23;"midden";1;1;"eens per week";1;1;"een keer";1;1;"een keer";1;0;NA;0;0;NA;0;0;NA;1;0;NA;2;6;"helemaal mee eens";"niet mee eens of oneens";"mee eens";"helemaal mee eens";"goed"
32;"man";31;"hoog";1;1;"eens per week";1;0;NA;1;1;"een keer";1;1;"minder dan maandelijks";1;1;"minder dan maandelijks";1;0;NA;1;1;"een keer";NA;3;"helemaal mee eens";"helemaal mee eens";"helemaal mee oneens";"mee eens";"goed"
84;"vrouw";22;"hoog";1;1;"eens per week";1;0;NA;1;1;"minder dan maandelijks";1;1;"minder dan maandelijks";1;1;"een keer";0;0;NA;0;0;NA;NA;15;"helemaal mee eens";"mee eens";"mee eens";"mee eens";"zeer goed"
190;"man";24;"hoog";1;1;"eens per week";1;1;"een paar keer per maand";1;1;"minder dan maandelijks";1;1;"minder dan maandelijks";1;1;"eens per maand";1;1;"eens per maand";1;1;"minder dan maandelijks";1;12;"helemaal mee eens";"helemaal mee eens";"helemaal mee eens";"helemaal mee eens";"slecht"
245;"vrouw";22;"hoog";1;1;"een paar keer per week";1;1;"(bijna) elke dag";0;0;NA;1;1;"eens per maand";0;0;NA;0;0;NA;1;0;NA;25;5;"helemaal mee eens";"helemaal mee eens";"helemaal mee eens";"helemaal mee eens";"goed"
349;"vrouw";28;"hoog";1;1;"een paar keer per week";0;0;NA;1;1;"minder dan maandelijks";0;0;NA;0;0;NA;0;0;NA;0;0;NA;NA;7;"helemaal mee eens";"helemaal mee oneens";"helemaal mee oneens";"mee eens";"goed"
330;"vrouw";45;"hoog";1;0;NA;1;0;NA;0;0;NA;0;0;NA;0;0;NA;0;0;NA;0;0;NA;NA;NA;"mee eens";"helemaal mee eens";"helemaal mee eens";"mee eens";"zeer goed"
350;"man";22;"midden";1;1;"een paar keer per maand";1;1;"(bijna) elke dag";1;1;"(bijna) elke dag";1;1;"(bijna) elke dag";0;0;NA;1;1;"minder dan maandelijks";0;0;NA;41;6;"helemaal mee eens";"mee oneens";"helemaal mee eens";"helemaal mee eens";"niet goed/niet slecht"
142;"man";27;"midden";1;1;"een paar keer per week";1;1;"eens per maand";0;0;NA;1;1;"een keer";1;1;"minder dan maandelijks";1;1;"eens per maand";0;0;NA;4;6;"helemaal mee eens";"helemaal mee eens";"helemaal mee eens";"helemaal mee eens";"goed"
299;"man";29;"hoog";1;1;"een paar keer per week";1;1;"een paar keer per maand";1;1;"eens per week";1;1;"een paar keer per maand";0;0;NA;1;1;"minder dan maandelijks";0;0;NA;3;13;"helemaal mee eens";"helemaal mee eens";"niet mee eens of oneens";"helemaal mee eens";"goed"
342;"vrouw";22;"hoog";1;1;"minder dan maandelijks";1;1;"een paar keer per maand";0;0;NA;1;0;NA;1;1;"minder dan maandelijks";0;0;NA;1;0;NA;4;2;"niet mee eens of oneens";"helemaal mee eens";"helemaal mee oneens";"mee eens";"goed"
12;"vrouw";20;"midden";1;1;"eens per week";1;1;"(bijna) elke dag";1;1;"eens per maand";1;0;NA;1;0;NA;0;0;NA;0;0;NA;5;10;"helemaal mee eens";"mee eens";"mee oneens";"helemaal mee eens";"niet goed/niet slecht"
230;"man";27;"hoog";1;1;"een paar keer per week";1;1;"een paar keer per maand";1;0;NA;1;0;NA;1;1;"een keer";1;1;"een keer";1;1;"minder dan maandelijks";4;17;"helemaal mee eens";"mee eens";"niet mee eens of oneens";"helemaal mee eens";"goed"
215;"vrouw";23;"midden";1;1;"een paar keer per maand";0;0;NA;1;1;"eens per week";1;1;"een paar keer per week";0;0;NA;1;1;"minder dan maandelijks";1;1;"eens per maand";NA;8;"helemaal mee eens";"mee eens";"helemaal mee eens";"helemaal mee eens";"goed"
23;"man";15;"hoog";1;1;"eens per week";0;0;NA;1;1;"een keer";1;1;"een keer";0;0;NA;0;0;NA;0;0;NA;NA;4;"helemaal mee eens";"helemaal mee oneens";"mee oneens";"helemaal mee eens";"goed"
80;"vrouw";29;"hoog";1;1;"een paar keer per week";1;0;NA;1;1;"een paar keer per week";0;0;NA;1;1;"minder dan maandelijks";1;1;"minder dan maandelijks";0;0;NA;NA;4;"helemaal mee eens";"helemaal mee eens";"mee eens";"mee eens";"niet goed/niet slecht"
302;"vrouw";17;"hoog";1;1;"(bijna) elke dag";1;0;NA;1;1;"(bijna) elke dag";1;1;"eens per week";0;0;NA;0;0;NA;1;1;"een keer";NA;10;"helemaal mee eens";"mee oneens";"helemaal mee oneens";"helemaal mee eens";"goed"
216;"vrouw";22;"midden";1;1;"eens per week";0;0;NA;0;0;NA;0;0;NA;1;0;NA;1;1;"een keer";0;0;NA;NA;4;"helemaal mee eens";"niet mee eens of oneens";"mee eens";"helemaal mee eens";"goed"
4;"man";23;"hoog";1;1;"een paar keer per week";0;0;NA;1;1;"minder dan maandelijks";1;1;"minder dan maandelijks";1;1;"minder dan maandelijks";0;0;NA;1;0;NA;NA;20;"helemaal mee eens";"helemaal mee eens";"mee oneens";"mee eens";"goed"
343;"man";28;"midden";1;1;"eens per week";1;1;"minder dan maandelijks";0;0;NA;1;0;NA;0;0;NA;1;1;"minder dan maandelijks";0;0;NA;4;9;"helemaal mee eens";"niet mee eens of oneens";"niet mee eens of oneens";"helemaal mee eens";"goed"
19;"man";16;"hoog";1;1;"een paar keer per week";1;1;"(bijna) elke dag";1;1;"een keer";1;0;NA;1;1;"minder dan maandelijks";1;0;NA;1;1;"een keer";48;10;"helemaal mee eens";"helemaal mee eens";"mee eens";"helemaal mee eens";"goed"
254;"vrouw";17;"hoog";1;1;"eens per week";1;1;"een paar keer per maand";1;0;NA;1;1;"een paar keer per maand";1;1;"minder dan maandelijks";0;0;NA;0;0;NA;11;6;"helemaal mee eens";"helemaal mee eens";"mee eens";"mee eens";"goed"
6;"man";31;"hoog";1;1;"een paar keer per week";1;1;"eens per maand";1;0;NA;1;1;"(bijna) elke dag";1;1;"minder dan maandelijks";1;1;"een keer";0;0;NA;7;18;"helemaal mee eens";"helemaal mee eens";"mee eens";"helemaal mee eens";"niet goed/niet slecht"
140;"man";28;"hoog";1;1;"een paar keer per week";1;1;"minder dan maandelijks";1;0;NA;0;0;NA;1;1;"minder dan maandelijks";1;1;"minder dan maandelijks";1;0;NA;6;9;"helemaal mee eens";"mee eens";"helemaal mee eens";"mee eens";"zeer goed"
347;"man";26;"hoog";1;1;"een paar keer per maand";1;1;"een paar keer per maand";0;0;NA;0;0;NA;0;0;NA;0;0;NA;1;1;"minder dan maandelijks";21;3;"helemaal mee eens";"helemaal mee eens";"mee oneens";"helemaal mee eens";"goed"
47;"vrouw";24;"hoog";1;1;"een paar keer per maand";1;0;NA;0;0;NA;1;1;"een keer";1;1;"minder dan maandelijks";1;1;"minder dan maandelijks";0;0;NA;NA;6;"helemaal mee eens";"helemaal mee eens";"mee eens";"helemaal mee eens";"goed"
29;"man";20;"midden";1;1;"een paar keer per week";1;1;"een paar keer per week";1;1;"een keer";1;1;"minder dan maandelijks";1;0;NA;0;0;NA;1;0;NA;9;7;"helemaal mee eens";"niet mee eens of oneens";"mee eens";"helemaal mee eens";"goed"
211;"vrouw";28;"midden";1;1;"eens per week";1;0;NA;0;0;NA;1;0;NA;1;1;"minder dan maandelijks";0;0;NA;0;0;NA;NA;7;"helemaal mee eens";"helemaal mee eens";"helemaal mee oneens";"mee oneens";"zeer goed"
103;"man";20;"midden";1;1;"een paar keer per maand";0;0;NA;1;1;"eens per maand";1;1;"een keer";0;0;NA;1;1;"eens per maand";0;0;NA;NA;4;"helemaal mee eens";"helemaal mee eens";"helemaal mee eens";"helemaal mee eens";"goed"
87;"vrouw";33;"hoog";1;1;"eens per week";1;0;NA;0;0;NA;1;0;NA;1;0;NA;1;1;"minder dan maandelijks";0;0;NA;NA;16;"helemaal mee eens";"helemaal mee oneens";"helemaal mee oneens";"mee oneens";"goed"
185;"man";38;"hoog";1;1;"een paar keer per week";1;1;"minder dan maandelijks";0;0;NA;0;0;NA;NA;0;NA;0;0;NA;0;0;NA;1;8;"helemaal mee eens";"helemaal mee oneens";"helemaal mee oneens";"mee eens";"goed"
180;"vrouw";19;"hoog";1;1;"een paar keer per week";1;1;"(bijna) elke dag";1;1;"minder dan maandelijks";1;0;NA;1;1;"minder dan maandelijks";0;0;NA;0;0;NA;13;6;"helemaal mee eens";"helemaal mee eens";"helemaal mee oneens";"helemaal mee eens";"niet goed/niet slecht"
61;"man";37;"hoog";1;1;"een paar keer per maand";1;0;NA;0;0;NA;1;0;NA;1;1;"minder dan maandelijks";1;1;"eens per week";0;0;NA;NA;27;"helemaal mee eens";"helemaal mee eens";"helemaal mee eens";"helemaal mee eens";"niet goed/niet slecht"
319;"vrouw";21;"midden";1;1;"een paar keer per week";1;1;"een paar keer per week";1;1;"eens per maand";0;0;NA;0;0;NA;0;0;NA;0;0;NA;15;7;"helemaal mee eens";"mee eens";"helemaal mee oneens";"mee eens";"goed"
288;"man";18;"hoog";1;1;"een paar keer per week";1;1;"(bijna) elke dag";1;1;"(bijna) elke dag";1;1;"(bijna) elke dag";1;1;"minder dan maandelijks";1;1;"een paar keer per week";1;1;"een paar keer per week";5;12;"helemaal mee eens";"helemaal mee eens";"helemaal mee eens";"helemaal mee eens";"niet goed/niet slecht"
71;"vrouw";21;"hoog";1;1;"een paar keer per week";1;1;"een paar keer per maand";1;1;"eens per maand";1;1;"minder dan maandelijks";0;0;NA;1;0;NA;1;1;"een paar keer per maand";1;9;"helemaal mee eens";"mee oneens";"mee eens";"helemaal mee eens";"goed"
48;"man";29;"midden";1;1;"eens per week";1;1;"(bijna) elke dag";1;1;"minder dan maandelijks";1;1;"minder dan maandelijks";1;0;NA;1;1;"minder dan maandelijks";1;1;"minder dan maandelijks";9;21;"helemaal mee eens";"mee eens";"mee eens";"weet niet";"niet goed/niet slecht"
60;"man";28;"hoog";1;1;"eens per week";1;1;"(bijna) elke dag";1;1;"(bijna) elke dag";1;0;NA;1;1;"minder dan maandelijks";1;1;"minder dan maandelijks";1;1;"minder dan maandelijks";13;2;"helemaal mee eens";"mee eens";"helemaal mee eens";"helemaal mee eens";"slecht"
307;"vrouw";18;"midden";1;1;"een paar keer per week";1;1;"een paar keer per maand";0;0;NA;1;1;"minder dan maandelijks";1;1;"eens per maand";0;0;NA;1;1;"eens per maand";2;15;"helemaal mee eens";"helemaal mee eens";"helemaal mee eens";"helemaal mee eens";"slecht"
129;"man";44;"hoog";1;1;"eens per maand";1;0;NA;0;0;NA;0;0;NA;1;1;"minder dan maandelijks";1;1;"een keer";1;1;"minder dan maandelijks";NA;16;"mee eens";"helemaal mee eens";"mee eens";"mee eens";"goed"
193;"man";22;"laag";1;1;"(bijna) elke dag";1;1;"een paar keer per maand";0;0;NA;1;1;"(bijna) elke dag";1;1;"minder dan maandelijks";1;1;"een paar keer per maand";1;1;"minder dan maandelijks";1;29;"helemaal mee eens";"helemaal mee eens";"helemaal mee eens";"helemaal mee eens";"niet goed/niet slecht"
160;"man";27;"hoog";1;1;"eens per week";1;1;"eens per week";0;0;NA;1;0;NA;1;0;NA;0;0;NA;0;0;NA;14;2;"helemaal mee eens";"mee eens";"mee eens";"helemaal mee eens";"goed"
277;"vrouw";30;"hoog";1;1;"eens per week";0;0;NA;1;0;NA;0;0;NA;1;0;NA;0;0;NA;0;0;NA;NA;11;"helemaal mee eens";"niet mee eens of oneens";"mee oneens";"weet niet";"goed"
209;"vrouw";24;"midden";1;1;"een paar keer per week";1;1;"(bijna) elke dag";1;1;"(bijna) elke dag";1;1;"minder dan maandelijks";1;1;"minder dan maandelijks";1;0;NA;1;1;"eens per maand";34;10;"helemaal mee eens";"helemaal mee eens";"niet mee eens of oneens";"helemaal mee eens";"niet goed/niet slecht"
179;"anders";19;"midden";1;1;"eens per week";1;1;"(bijna) elke dag";1;1;"eens per maand";1;1;"eens per maand";1;1;"minder dan maandelijks";1;1;"minder dan maandelijks";0;0;NA;3;12;"helemaal mee eens";"helemaal mee eens";"helemaal mee eens";"helemaal mee eens";"goed"
65;"man";20;"hoog";1;1;"een paar keer per week";1;1;"(bijna) elke dag";1;1;"een paar keer per week";1;0;NA;0;0;NA;0;0;NA;0;0;NA;21;16;"helemaal mee eens";"mee oneens";"mee oneens";"mee eens";"goed"
235;"vrouw";31;"hoog";1;1;"eens per week";1;1;"eens per week";1;1;"een paar keer per maand";1;1;"eens per week";1;1;"minder dan maandelijks";1;1;"minder dan maandelijks";0;0;NA;27;7;"helemaal mee eens";"helemaal mee eens";"mee eens";"helemaal mee eens";"niet goed/niet slecht"
284;"vrouw";32;"hoog";1;1;"eens per week";1;0;NA;0;0;NA;1;0;NA;1;1;"minder dan maandelijks";1;0;NA;0;0;NA;NA;7;"helemaal mee eens";"helemaal mee eens";"mee oneens";"helemaal mee eens";"zeer goed"
269;"vrouw";28;"midden";1;1;"een paar keer per week";1;1;"minder dan maandelijks";0;0;NA;0;0;NA;1;1;"minder dan maandelijks";1;1;"een paar keer per maand";1;1;"een paar keer per maand";1;10;"helemaal mee eens";"helemaal mee eens";"helemaal mee eens";"helemaal mee eens";"goed"
149;"vrouw";20;"hoog";1;1;"eens per week";1;1;"(bijna) elke dag";0;0;NA;1;1;"minder dan maandelijks";0;0;NA;0;0;NA;0;0;NA;28;6;"helemaal mee eens";"helemaal mee oneens";"helemaal mee oneens";"mee eens";"goed"
31;"vrouw";17;"midden";1;1;"een paar keer per week";1;1;"(bijna) elke dag";1;1;"(bijna) elke dag";1;0;NA;1;0;NA;0;0;NA;0;0;NA;21;15;"helemaal mee eens";"helemaal mee eens";"weet niet";"helemaal mee eens";"slecht"
81;"man";29;"hoog";1;1;"een paar keer per maand";1;1;"(bijna) elke dag";0;0;NA;0;0;NA;1;1;"minder dan maandelijks";0;0;NA;0;0;NA;8;9;"helemaal mee eens";"mee eens";"niet mee eens of oneens";"helemaal mee eens";"goed"
285;"vrouw";24;"hoog";1;1;"(bijna) elke dag";1;1;"(bijna) elke dag";1;1;"een paar keer per week";1;0;NA;0;0;NA;1;1;"een keer";0;0;NA;12;11;"helemaal mee eens";"mee eens";"mee eens";"helemaal mee eens";"goed"
13;"man";30;"hoog";1;1;"een paar keer per week";1;1;"(bijna) elke dag";1;1;"(bijna) elke dag";1;1;"(bijna) elke dag";0;0;NA;0;0;NA;0;0;NA;46;23;"helemaal mee eens";"helemaal mee eens";"helemaal mee eens";"helemaal mee eens";"slecht"
107;"vrouw";17;"hoog";1;1;"een paar keer per maand";1;1;"minder dan maandelijks";1;1;"minder dan maandelijks";1;0;NA;1;0;NA;0;0;NA;0;0;NA;6;5;"helemaal mee eens";"mee eens";"helemaal mee oneens";"mee eens";"zeer goed"
243;"vrouw";22;"hoog";1;1;"een paar keer per week";1;1;"(bijna) elke dag";0;0;NA;1;1;"minder dan maandelijks";0;0;NA;0;0;NA;0;0;NA;29;6;"helemaal mee eens";"helemaal mee oneens";"mee eens";"helemaal mee eens";"goed"
54;"vrouw";24;"hoog";1;1;"een paar keer per week";1;1;"een paar keer per week";0;0;NA;0;0;NA;1;0;NA;1;1;"minder dan maandelijks";1;1;"minder dan maandelijks";9;8;"helemaal mee eens";"helemaal mee eens";"helemaal mee eens";"helemaal mee eens";"niet goed/niet slecht"
273;"man";22;"midden";1;1;"een paar keer per week";1;1;"(bijna) elke dag";1;1;"eens per maand";1;1;"minder dan maandelijks";0;0;NA;0;0;NA;1;0;NA;7;9;"helemaal mee eens";"mee eens";"helemaal mee oneens";"mee eens";"goed"
318;"man";30;"midden";1;1;"een paar keer per week";1;1;"(bijna) elke dag";1;1;"(bijna) elke dag";1;1;"minder dan maandelijks";1;1;"minder dan maandelijks";1;1;"een paar keer per maand";0;0;NA;8;7;"helemaal mee eens";"helemaal mee eens";"helemaal mee eens";"helemaal mee eens";"niet goed/niet slecht"
100;"man";23;"hoog";1;1;"een paar keer per week";0;0;NA;1;1;"(bijna) elke dag";1;1;"eens per maand";0;0;NA;1;1;"minder dan maandelijks";1;1;"een paar keer per maand";NA;3;"helemaal mee eens";"helemaal mee eens";"mee eens";"helemaal mee eens";"goed"
325;"man";24;"hoog";1;1;"eens per week";1;1;"(bijna) elke dag";1;0;NA;1;1;"minder dan maandelijks";0;0;NA;1;1;"een keer";1;1;"een keer";34;14;"helemaal mee eens";"helemaal mee oneens";"mee oneens";"mee eens";"goed"
9;"man";26;"hoog";1;1;"een paar keer per week";1;0;NA;0;0;NA;1;1;"minder dan maandelijks";1;1;"minder dan maandelijks";0;0;NA;0;0;NA;NA;17;"helemaal mee eens";"helemaal mee eens";"niet mee eens of oneens";"helemaal mee eens";"goed"
248;"man";44;"hoog";1;1;"een paar keer per maand";1;1;"(bijna) elke dag";1;1;"een paar keer per maand";0;0;NA;1;1;"minder dan maandelijks";0;0;NA;0;0;NA;27;10;"helemaal mee eens";"helemaal mee eens";"helemaal mee oneens";"weet niet";"goed"
183;"vrouw";25;"midden";1;1;"een paar keer per week";1;1;"(bijna) elke dag";1;1;"minder dan maandelijks";1;1;"een keer";0;0;NA;0;0;NA;0;0;NA;13;5;"helemaal mee eens";"mee eens";"mee oneens";"helemaal mee eens";"niet goed/niet slecht"
328;"vrouw";31;"midden";1;1;"een paar keer per maand";1;1;"een paar keer per week";0;0;NA;0;0;NA;1;1;"minder dan maandelijks";1;1;"minder dan maandelijks";0;0;NA;3;12;"helemaal mee eens";"mee eens";"mee eens";"helemaal mee oneens";"goed"
50;"man";23;"midden";1;1;"een paar keer per week";1;1;"een paar keer per week";1;1;"minder dan maandelijks";1;1;"(bijna) elke dag";1;0;NA;0;0;NA;1;1;"minder dan maandelijks";9;6;"helemaal mee eens";"niet mee eens of oneens";"mee oneens";"helemaal mee eens";"goed"
62;"vrouw";26;"hoog";1;1;"eens per week";1;1;"minder dan maandelijks";1;0;NA;0;0;NA;1;0;NA;1;1;"een keer";0;0;NA;2;11;"helemaal mee eens";"niet mee eens of oneens";"niet mee eens of oneens";"mee eens";"goed"
203;"man";18;"midden";1;1;"eens per week";1;1;"een paar keer per maand";1;1;"een keer";1;0;NA;1;1;"minder dan maandelijks";0;0;NA;0;0;NA;3;10;"helemaal mee eens";"helemaal mee eens";"mee oneens";"mee eens";"goed"
293;"vrouw";16;"hoog";1;1;"eens per week";1;1;"minder dan maandelijks";0;0;NA;0;0;NA;1;1;"minder dan maandelijks";1;1;"minder dan maandelijks";0;0;NA;5;13;"helemaal mee eens";"helemaal mee eens";"helemaal mee eens";"mee eens";"goed"
98;"man";16;"hoog";1;1;"een paar keer per maand";1;1;"minder dan maandelijks";1;1;"minder dan maandelijks";0;0;NA;1;1;"een keer";0;0;NA;0;0;NA;1;27;"helemaal mee eens";"mee eens";"helemaal mee oneens";"helemaal mee oneens";"zeer goed"
147;"man";31;"hoog";1;1;"eens per maand";1;1;"(bijna) elke dag";0;0;NA;1;1;"minder dan maandelijks";1;1;"minder dan maandelijks";1;1;"minder dan maandelijks";0;0;NA;19;22;"mee eens";"mee eens";"niet mee eens of oneens";"mee eens";"goed"
310;"vrouw";44;"hoog";1;1;"een paar keer per week";1;0;NA;1;0;NA;1;1;"eens per maand";0;0;NA;1;1;"een keer";0;0;NA;NA;5;"helemaal mee eens";"mee oneens";"mee eens";"mee eens";"zeer goed"
119;"man";20;"hoog";1;1;"minder dan maandelijks";1;1;"minder dan maandelijks";0;0;NA;1;1;"minder dan maandelijks";0;0;NA;0;0;NA;0;0;NA;1;6;"helemaal mee eens";"helemaal mee eens";"mee eens";"mee eens";"zeer goed"
280;"man";38;"hoog";1;1;"eens per week";1;1;"eens per week";0;0;NA;1;0;NA;0;0;NA;1;1;"een paar keer per week";0;0;NA;9;23;"helemaal mee eens";"niet mee eens of oneens";"helemaal mee eens";"helemaal mee eens";"goed"
316;"vrouw";19;"hoog";1;1;"eens per maand";1;1;"minder dan maandelijks";1;1;"een keer";0;0;NA;1;0;NA;0;0;NA;0;0;NA;3;3;"mee eens";"mee oneens";"niet mee eens of oneens";"helemaal mee eens";"goed"
176;"vrouw";28;"hoog";1;1;"een paar keer per week";1;1;"(bijna) elke dag";1;1;"(bijna) elke dag";1;1;"(bijna) elke dag";1;1;"minder dan maandelijks";1;1;"een paar keer per maand";0;0;NA;7;6;"helemaal mee eens";"helemaal mee eens";"helemaal mee eens";"helemaal mee eens";"goed"
236;"vrouw";23;"midden";1;1;"een paar keer per week";0;0;NA;0;0;NA;1;1;"minder dan maandelijks";1;1;"minder dan maandelijks";1;1;"minder dan maandelijks";1;1;"minder dan maandelijks";NA;7;"helemaal mee eens";"mee eens";"helemaal mee eens";"helemaal mee eens";"niet goed/niet slecht"
303;"vrouw";33;"hoog";1;0;NA;1;1;"eens per maand";1;1;"(bijna) elke dag";0;0;NA;1;1;"een keer";0;0;NA;0;0;NA;1;NA;"helemaal mee eens";"helemaal mee eens";"mee eens";"helemaal mee eens";"goed"
64;"man";18;"midden";1;1;"een paar keer per maand";0;0;NA;0;0;NA;1;0;NA;1;1;"minder dan maandelijks";0;0;NA;1;1;"een keer";NA;17;"helemaal mee eens";"mee eens";"helemaal mee oneens";"mee eens";"goed"
324;"vrouw";26;"hoog";1;1;"(bijna) elke dag";0;0;NA;0;0;NA;1;1;"minder dan maandelijks";1;1;"minder dan maandelijks";0;0;NA;1;1;"minder dan maandelijks";NA;29;"helemaal mee eens";"helemaal mee eens";"helemaal mee eens";"helemaal mee eens";"goed"
279;"vrouw";23;"hoog";1;1;"eens per week";0;0;NA;1;1;"eens per week";1;0;NA;1;1;"minder dan maandelijks";0;0;NA;0;0;NA;NA;20;"helemaal mee eens";"helemaal mee eens";"helemaal mee oneens";"mee eens";"zeer goed"
187;"vrouw";29;"hoog";1;1;"een paar keer per week";1;1;"(bijna) elke dag";1;1;"een paar keer per week";1;0;NA;0;0;NA;1;1;"minder dan maandelijks";0;0;NA;27;15;"helemaal mee eens";"mee eens";"helemaal mee eens";"helemaal mee eens";"goed"
308;"man";25;"hoog";1;1;"een paar keer per week";1;1;"(bijna) elke dag";0;0;NA;1;1;"een paar keer per week";1;1;"minder dan maandelijks";1;1;"eens per maand";0;0;NA;5;6;"helemaal mee eens";"helemaal mee eens";"helemaal mee eens";"helemaal mee eens";"goed"
2;"vrouw";42;"hoog";1;1;"eens per week";0;0;NA;1;1;"minder dan maandelijks";1;1;"een paar keer per maand";0;0;NA;1;0;NA;0;0;NA;NA;18;"helemaal mee eens";"mee eens";"niet mee eens of oneens";"mee eens";"goed"
335;"man";31;"midden";1;0;NA;0;0;NA;1;0;NA;0;0;NA;0;0;NA;0;0;NA;0;0;NA;NA;NA;"helemaal mee oneens";"helemaal mee oneens";"helemaal mee oneens";"helemaal mee oneens";"goed"
306;"man";23;"laag";1;1;"een paar keer per maand";1;1;"een paar keer per maand";1;1;"minder dan maandelijks";1;1;"een keer";1;1;"minder dan maandelijks";1;1;"een keer";1;1;"een keer";2;4;"helemaal mee eens";"mee eens";"mee eens";"mee eens";"goed"
114;"man";23;"midden";1;1;"eens per week";1;1;"een paar keer per maand";1;1;"minder dan maandelijks";1;0;NA;0;0;NA;1;1;"een paar keer per maand";1;1;"minder dan maandelijks";9;3;"helemaal mee eens";"helemaal mee eens";"helemaal mee eens";"helemaal mee eens";"zeer goed"
321;"vrouw";18;"hoog";1;1;"een paar keer per week";1;1;"eens per week";0;0;NA;1;1;"minder dan maandelijks";0;0;NA;1;1;"eens per maand";1;1;"eens per maand";11;5;"helemaal mee eens";"helemaal mee eens";"helemaal mee eens";"helemaal mee eens";"goed"
97;"vrouw";21;"midden";1;1;"minder dan maandelijks";1;0;NA;1;0;NA;1;0;NA;1;1;"minder dan maandelijks";0;0;NA;0;0;NA;NA;15;"helemaal mee eens";"mee eens";"mee oneens";"niet mee eens of oneens";"goed"
329;"man";17;"midden";1;1;"een paar keer per week";1;1;"eens per maand";1;1;"minder dan maandelijks";1;0;NA;0;0;NA;1;0;NA;0;0;NA;2;13;"helemaal mee eens";"niet mee eens of oneens";"mee oneens";"helemaal mee eens";"goed"
131;"man";27;"hoog";1;1;"(bijna) elke dag";1;1;"minder dan maandelijks";0;0;NA;1;0;NA;0;0;NA;0;0;NA;1;1;"minder dan maandelijks";1;27;"helemaal mee eens";"mee oneens";"mee eens";"helemaal mee eens";"goed"
