"respondentnr";"geslacht";"leeftijd";"opleidingsniveau";"alcohol_ooit";"alcohol_laatste_jaar";"alcohol_frequentie";"tabak_ooit";"tabak_laatste_jaar";"tabak_frequentie";"vapen_ooit";"vapen_laatste_jaar";"vapen_frequentie";"cannabis_ooit";"cannabis_laatste_jaar";"cannabis_frequentie";"xtc_ooit";"xtc_laatste_jaar";"xtc_frequentie";"cocaine_ooit";"cocaine_laatste_jaar";"cocaine_frequentie";"mmc_ooit";"mmc_laatste_jaar";"mmc_frequentie";"sigaretten_uitgaansdag";"glazen_alcohol_uitgaansdag";"acceptatie_alcohol_vrienden";"acceptatie_xtc_vrienden";"acceptatie_cocaine_vrienden";"makkelijk_aan_drugs_komen"
270;"vrouw";24;"hoog";0;0;NA;1;1;"(bijna) elke dag";1;1;"eens per maand";1;0;NA;0;0;NA;1;1;"minder dan maandelijks";0;0;NA;3;NA;"mee eens";"mee eens";"niet mee eens of oneens";"helemaal mee eens"
94;"man";23;"hoog";1;1;"een paar keer per maand";0;0;NA;0;0;NA;1;1;"eens per maand";1;1;"minder dan maandelijks";0;0;NA;1;1;"een keer";NA;2;"helemaal mee eens";"helemaal mee eens";"mee oneens";"helemaal mee eens"
77;"vrouw";22;"hoog";1;1;"een paar keer per week";1;1;"een paar keer per maand";1;1;"minder dan maandelijks";1;0;NA;0;0;NA;1;0;NA;0;0;NA;5;10;"helemaal mee eens";"niet mee eens of oneens";"niet mee eens of oneens";"mee eens"
235;"vrouw";30;"hoog";1;1;"een paar keer per week";1;1;"een paar keer per week";0;0;NA;0;0;NA;1;1;"minder dan maandelijks";1;0;NA;1;0;NA;14;6;"helemaal mee eens";"helemaal mee eens";"mee eens";"helemaal mee eens"
171;"vrouw";26;"hoog";1;1;"eens per week";0;0;NA;1;1;"een keer";0;0;NA;1;1;"minder dan maandelijks";1;0;NA;0;0;NA;NA;4;"helemaal mee eens";"helemaal mee eens";"mee oneens";"mee eens"
27;"man";25;"hoog";1;1;"een paar keer per week";1;1;"minder dan maandelijks";1;1;"minder dan maandelijks";0;0;NA;1;1;"minder dan maandelijks";1;1;"een keer";1;1;"eens per maand";1;10;"helemaal mee eens";"helemaal mee eens";"niet mee eens of oneens";"helemaal mee eens"
71;"vrouw";23;"hoog";1;1;"een paar keer per week";1;1;"een paar keer per maand";1;1;"(bijna) elke dag";1;1;"eens per maand";0;0;NA;1;0;NA;1;1;"minder dan maandelijks";6;10;"helemaal mee eens";"niet mee eens of oneens";"mee eens";"mee eens"
273;"man";21;"midden";1;1;"een paar keer per week";1;1;"een paar keer per week";0;0;NA;1;0;NA;0;0;NA;0;0;NA;0;0;NA;1;19;"helemaal mee eens";"niet mee eens of oneens";"helemaal mee oneens";"helemaal mee eens"
26;"man";20;"midden";1;1;"eens per week";1;1;"(bijna) elke dag";1;1;"minder dan maandelijks";1;1;"een keer";0;0;NA;1;1;"minder dan maandelijks";1;1;"minder dan maandelijks";22;17;"helemaal mee eens";"mee eens";"helemaal mee eens";"helemaal mee eens"
339;"man";21;"hoog";1;1;"eens per week";0;0;NA;1;1;"een paar keer per maand";1;1;"eens per maand";0;0;NA;1;0;NA;1;1;"minder dan maandelijks";NA;6;"helemaal mee eens";"niet mee eens of oneens";"mee oneens";"helemaal mee eens"
348;"man";20;"hoog";1;1;"eens per week";1;1;"eens per maand";0;0;NA;1;1;"een paar keer per week";1;1;"minder dan maandelijks";0;0;NA;0;0;NA;3;12;"helemaal mee eens";"mee eens";"niet mee eens of oneens";"mee eens"
113;"man";25;"midden";1;1;"eens per week";0;0;NA;0;0;NA;1;1;"minder dan maandelijks";1;1;"een keer";0;0;NA;1;1;"eens per maand";NA;18;"helemaal mee eens";"helemaal mee eens";"niet mee eens of oneens";"helemaal mee eens"
22;"man";27;"hoog";1;1;"een paar keer per week";1;1;"minder dan maandelijks";1;1;"minder dan maandelijks";1;1;"minder dan maandelijks";1;1;"minder dan maandelijks";1;1;"minder dan maandelijks";1;0;NA;2;27;"helemaal mee eens";"helemaal mee eens";"helemaal mee eens";"helemaal mee eens"
168;"man";29;"hoog";1;1;"eens per maand";0;0;NA;0;0;NA;0;0;NA;1;0;NA;1;1;"eens per week";0;0;NA;NA;7;"helemaal mee eens";"mee eens";"helemaal mee eens";"mee eens"
97;"vrouw";23;"midden";1;1;"minder dan maandelijks";1;0;NA;1;0;NA;1;1;"een keer";0;0;NA;0;0;NA;0;0;NA;NA;14;"helemaal mee eens";"mee oneens";"mee oneens";"mee oneens"
138;"vrouw";27;"midden";1;1;"een keer";1;0;NA;0;0;NA;0;0;NA;1;1;"een keer";1;1;"minder dan maandelijks";1;0;NA;NA;8;"mee eens";"mee eens";"niet mee eens of oneens";"helemaal mee eens"
320;"vrouw";19;"hoog";1;1;"een paar keer per week";1;1;"(bijna) elke dag";0;0;NA;0;0;NA;1;1;"minder dan maandelijks";1;0;NA;0;0;NA;11;6;"helemaal mee eens";"helemaal mee eens";"mee eens";"helemaal mee eens"
260;"vrouw";17;"hoog";1;1;"een paar keer per maand";1;1;"een keer";0;0;NA;1;0;NA;0;0;NA;1;1;"minder dan maandelijks";0;0;NA;2;10;"helemaal mee eens";"helemaal mee eens";"helemaal mee eens";"helemaal mee eens"
205;"man";23;"hoog";1;1;"een paar keer per maand";0;0;NA;1;1;"eens per week";1;1;"eens per maand";1;1;"minder dan maandelijks";0;0;NA;0;0;NA;NA;13;"helemaal mee eens";"helemaal mee eens";"mee eens";"mee eens"
330;"vrouw";31;"hoog";1;1;"een paar keer per week";1;1;"minder dan maandelijks";1;1;"minder dan maandelijks";1;1;"minder dan maandelijks";1;1;"minder dan maandelijks";1;1;"eens per maand";0;0;NA;5;13;"helemaal mee eens";"helemaal mee eens";"helemaal mee eens";"mee eens"
272;"man";28;"midden";1;1;"een paar keer per week";1;1;"(bijna) elke dag";0;0;NA;0;0;NA;0;0;NA;1;1;"eens per maand";1;1;"een keer";17;14;"helemaal mee eens";"mee eens";"helemaal mee eens";"helemaal mee eens"
115;"man";16;"midden";1;1;"een paar keer per maand";1;1;"minder dan maandelijks";0;0;NA;0;0;NA;1;0;NA;0;0;NA;0;0;NA;4;14;"helemaal mee eens";"niet mee eens of oneens";"mee oneens";"mee eens"
10;"vrouw";19;"hoog";1;1;"een paar keer per week";0;0;NA;0;0;NA;1;1;"minder dan maandelijks";1;1;"minder dan maandelijks";0;0;NA;1;1;"een paar keer per maand";NA;8;"helemaal mee eens";"helemaal mee eens";"helemaal mee oneens";"helemaal mee eens"
21;"man";16;"midden";1;1;"een paar keer per week";1;1;"een paar keer per week";1;1;"minder dan maandelijks";1;1;"minder dan maandelijks";1;1;"minder dan maandelijks";0;0;NA;1;1;"minder dan maandelijks";36;6;"helemaal mee eens";"helemaal mee eens";"weet niet";"helemaal mee eens"
229;"man";22;"midden";1;1;"een paar keer per maand";1;1;"een keer";0;0;NA;0;0;NA;0;0;NA;0;0;NA;1;0;NA;2;6;"helemaal mee eens";"mee eens";"helemaal mee oneens";"helemaal mee eens"
66;"man";23;"hoog";1;1;"eens per week";1;1;"minder dan maandelijks";1;1;"eens per week";1;0;NA;1;0;NA;1;0;NA;1;1;"minder dan maandelijks";2;7;"helemaal mee eens";"helemaal mee eens";"helemaal mee oneens";"mee eens"
167;"man";22;"hoog";1;1;"een paar keer per week";1;1;"eens per week";1;1;"eens per maand";0;0;NA;0;0;NA;0;0;NA;1;1;"minder dan maandelijks";11;10;"helemaal mee eens";"niet mee eens of oneens";"mee oneens";"weet niet"
73;"vrouw";19;"midden";1;1;"een paar keer per week";1;1;"eens per maand";1;1;"(bijna) elke dag";1;1;"een paar keer per maand";1;1;"minder dan maandelijks";0;0;NA;0;0;NA;5;6;"helemaal mee eens";"helemaal mee eens";"helemaal mee oneens";"mee eens"
129;"man";32;"hoog";1;1;"eens per maand";1;0;NA;0;0;NA;1;1;"(bijna) elke dag";1;1;"minder dan maandelijks";1;1;"een keer";1;1;"eens per maand";NA;10;"mee eens";"helemaal mee eens";"niet mee eens of oneens";"helemaal mee eens"
237;"vrouw";16;"laag";0;0;NA;1;1;"(bijna) elke dag";0;0;NA;0;0;NA;0;0;NA;0;0;NA;0;0;NA;51;NA;"helemaal mee eens";"mee eens";"mee oneens";"mee eens"
315;"man";23;"hoog";1;1;"eens per week";1;1;"(bijna) elke dag";0;0;NA;1;1;"minder dan maandelijks";1;1;"minder dan maandelijks";1;1;"minder dan maandelijks";1;1;"minder dan maandelijks";8;14;"helemaal mee eens";"helemaal mee eens";"helemaal mee eens";"helemaal mee eens"
86;"vrouw";18;"midden";1;1;"eens per maand";1;1;"een paar keer per week";1;1;"minder dan maandelijks";0;0;NA;1;0;NA;0;0;NA;0;0;NA;5;1;"helemaal mee eens";"mee eens";"mee eens";"helemaal mee eens"
57;"vrouw";24;"hoog";1;1;"een paar keer per week";1;1;"minder dan maandelijks";1;1;"eens per week";0;0;NA;1;1;"eens per maand";0;0;NA;0;0;NA;3;6;"helemaal mee eens";"helemaal mee eens";"helemaal mee oneens";"helemaal mee eens"
327;"vrouw";16;"hoog";1;1;"een paar keer per week";1;1;"(bijna) elke dag";1;1;"minder dan maandelijks";1;0;NA;0;0;NA;0;0;NA;0;0;NA;30;18;"helemaal mee eens";"mee eens";"niet mee eens of oneens";"mee eens"
188;"man";22;"hoog";1;1;"eens per week";1;0;NA;1;1;"minder dan maandelijks";1;0;NA;1;1;"minder dan maandelijks";0;0;NA;1;0;NA;NA;4;"helemaal mee eens";"helemaal mee eens";"mee oneens";"helemaal mee eens"
226;"vrouw";24;"hoog";1;1;"eens per week";1;1;"minder dan maandelijks";1;1;"eens per maand";1;0;NA;1;1;"eens per week";1;1;"minder dan maandelijks";1;1;"minder dan maandelijks";1;2;"helemaal mee eens";"helemaal mee eens";"helemaal mee eens";"helemaal mee eens"
311;"vrouw";24;"hoog";1;1;"een paar keer per maand";0;0;NA;0;0;NA;1;1;"een keer";1;0;NA;0;0;NA;0;0;NA;NA;9;"helemaal mee eens";"helemaal mee oneens";"helemaal mee oneens";"helemaal mee oneens"
158;"vrouw";25;"hoog";1;1;"een paar keer per week";0;0;NA;1;1;"minder dan maandelijks";1;0;NA;1;0;NA;0;0;NA;1;1;"minder dan maandelijks";NA;3;"helemaal mee eens";"mee oneens";"helemaal mee oneens";"mee eens"
117;"vrouw";25;"hoog";1;1;"een paar keer per maand";0;0;NA;0;0;NA;1;0;NA;0;0;NA;0;0;NA;0;0;NA;NA;11;"helemaal mee eens";"helemaal mee eens";"mee oneens";"niet mee eens of oneens"
102;"vrouw";28;"hoog";1;1;"een paar keer per week";1;1;"eens per week";1;1;"een paar keer per week";1;0;NA;0;0;NA;0;0;NA;0;0;NA;4;12;"helemaal mee eens";"niet mee eens of oneens";"helemaal mee oneens";"mee eens"
133;"man";27;"midden";1;1;"een paar keer per week";1;1;"een paar keer per maand";0;0;NA;1;1;"eens per maand";1;1;"minder dan maandelijks";1;1;"een paar keer per week";0;0;NA;11;20;"helemaal mee eens";"helemaal mee eens";"helemaal mee eens";"helemaal mee eens"
48;"man";29;"midden";1;1;"eens per week";1;1;"(bijna) elke dag";1;0;NA;0;0;NA;0;0;NA;0;0;NA;1;1;"minder dan maandelijks";25;13;"helemaal mee eens";"mee eens";"niet mee eens of oneens";"helemaal mee eens"
116;"man";22;"midden";1;1;"een paar keer per week";1;1;"eens per maand";1;1;"een paar keer per maand";0;0;NA;0;0;NA;1;0;NA;1;1;"minder dan maandelijks";15;9;"helemaal mee eens";"helemaal mee oneens";"helemaal mee oneens";"helemaal mee eens"
251;"vrouw";22;"midden";1;1;"een paar keer per week";1;1;"(bijna) elke dag";1;1;"een paar keer per week";1;1;"minder dan maandelijks";1;1;"eens per maand";0;0;NA;1;1;"een keer";30;8;"helemaal mee eens";"helemaal mee eens";"mee oneens";"helemaal mee eens"
243;"vrouw";22;"hoog";1;1;"een paar keer per week";1;1;"(bijna) elke dag";1;0;NA;0;0;NA;1;1;"een keer";1;0;NA;0;0;NA;6;18;"helemaal mee eens";"mee eens";"mee oneens";"mee eens"
126;"man";30;"laag";1;1;"een paar keer per week";1;1;"(bijna) elke dag";1;1;"een paar keer per maand";1;0;NA;0;0;NA;0;0;NA;1;1;"een keer";46;11;"helemaal mee eens";"helemaal mee eens";"helemaal mee oneens";"helemaal mee eens"
61;"man";32;"hoog";1;1;"een paar keer per maand";1;0;NA;0;0;NA;1;1;"minder dan maandelijks";1;1;"minder dan maandelijks";1;1;"eens per maand";1;1;"eens per maand";NA;9;"helemaal mee eens";"helemaal mee eens";"helemaal mee eens";"helemaal mee eens"
101;"man";17;"midden";1;1;"(bijna) elke dag";1;1;"(bijna) elke dag";1;1;"eens per maand";1;1;"minder dan maandelijks";0;0;NA;0;0;NA;0;0;NA;4;8;"helemaal mee eens";"mee eens";"mee oneens";"helemaal mee eens"
334;"vrouw";22;"hoog";1;1;"eens per maand";0;0;NA;1;1;"een keer";0;0;NA;1;1;"minder dan maandelijks";0;0;NA;0;0;NA;NA;11;"helemaal mee eens";"helemaal mee eens";"niet mee eens of oneens";"helemaal mee eens"
164;"man";18;"hoog";1;1;"eens per week";1;1;"minder dan maandelijks";1;1;"minder dan maandelijks";1;1;"een paar keer per maand";NA;1;"minder dan maandelijks";0;0;NA;0;0;NA;1;6;"helemaal mee eens";"helemaal mee eens";"mee eens";"mee eens"
236;"vrouw";24;"midden";1;1;"een paar keer per week";0;0;NA;0;0;NA;1;0;NA;1;0;NA;0;0;NA;1;1;"eens per maand";NA;7;"helemaal mee eens";"mee oneens";"helemaal mee eens";"helemaal mee eens"
322;"man";29;"hoog";1;1;"een paar keer per week";1;1;"(bijna) elke dag";0;0;NA;1;1;"een paar keer per week";1;1;"minder dan maandelijks";1;1;"minder dan maandelijks";0;0;NA;44;13;"helemaal mee eens";"helemaal mee eens";"helemaal mee eens";"helemaal mee eens"
256;"man";20;"hoog";1;1;"een paar keer per week";1;1;"(bijna) elke dag";1;1;"minder dan maandelijks";1;0;NA;0;0;NA;1;1;"een keer";1;1;"een paar keer per maand";17;26;"helemaal mee eens";"mee eens";"mee eens";"helemaal mee eens"
313;"man";28;"hoog";1;1;"eens per week";0;0;NA;1;1;"een paar keer per maand";1;0;NA;1;1;"minder dan maandelijks";0;0;NA;1;1;"een keer";NA;19;"helemaal mee eens";"helemaal mee eens";"helemaal mee oneens";"helemaal mee eens"
63;"vrouw";21;"hoog";1;1;"(bijna) elke dag";0;0;NA;0;0;NA;1;0;NA;0;0;NA;0;0;NA;1;1;"een paar keer per maand";NA;17;"helemaal mee eens";"mee eens";"mee eens";"weet niet"
207;"man";21;"hoog";1;1;"eens per week";1;1;"eens per maand";1;1;"een paar keer per maand";1;0;NA;0;0;NA;1;1;"minder dan maandelijks";0;0;NA;2;24;"helemaal mee eens";"niet mee eens of oneens";"mee eens";"helemaal mee eens"
109;"man";19;"hoog";1;1;"een paar keer per week";0;0;NA;0;0;NA;1;0;NA;0;0;NA;1;1;"minder dan maandelijks";1;1;"minder dan maandelijks";NA;10;"helemaal mee eens";"mee oneens";"helemaal mee eens";"helemaal mee eens"
163;"vrouw";22;"midden";1;1;"(bijna) elke dag";1;1;"(bijna) elke dag";0;0;NA;1;1;"minder dan maandelijks";0;0;NA;0;0;NA;0;0;NA;11;13;"helemaal mee eens";"niet mee eens of oneens";"helemaal mee oneens";"niet mee eens of oneens"
111;"man";22;"hoog";1;1;"eens per week";0;0;NA;0;0;NA;0;0;NA;0;0;NA;0;0;NA;1;1;"minder dan maandelijks";NA;23;"helemaal mee eens";"helemaal mee eens";"mee eens";"helemaal mee eens"
178;"vrouw";23;"hoog";1;1;"eens per week";1;1;"(bijna) elke dag";1;1;"minder dan maandelijks";0;0;NA;1;1;"minder dan maandelijks";NA;0;NA;0;0;NA;33;10;"helemaal mee eens";"helemaal mee eens";"mee eens";"helemaal mee eens"
298;"vrouw";28;"hoog";1;1;"een paar keer per week";1;1;"een keer";1;1;"minder dan maandelijks";0;0;NA;1;0;NA;1;1;"minder dan maandelijks";1;1;"eens per maand";7;10;"helemaal mee eens";"mee eens";"helemaal mee eens";"mee eens"
230;"man";26;"hoog";1;1;"eens per week";1;1;"een paar keer per maand";1;0;NA;0;0;NA;1;0;NA;0;0;NA;0;0;NA;6;3;"helemaal mee eens";"niet mee eens of oneens";"niet mee eens of oneens";"mee eens"
43;"man";21;"hoog";1;1;"een paar keer per week";0;0;NA;0;0;NA;1;1;"een paar keer per week";1;0;NA;0;0;NA;1;1;"minder dan maandelijks";NA;5;"helemaal mee eens";"mee eens";"mee oneens";"helemaal mee eens"
221;"man";22;"hoog";1;1;"een paar keer per week";1;1;"een paar keer per week";1;1;"(bijna) elke dag";1;1;"minder dan maandelijks";1;1;"een keer";0;0;NA;1;1;"minder dan maandelijks";15;9;"helemaal mee eens";"mee eens";"mee eens";"mee eens"
185;"man";33;"hoog";1;1;"een paar keer per week";1;1;"minder dan maandelijks";0;0;NA;0;0;NA;0;0;NA;0;0;NA;0;0;NA;2;2;"helemaal mee eens";"helemaal mee oneens";"helemaal mee oneens";"mee eens"
121;"man";19;"midden";1;1;"een paar keer per week";0;0;NA;0;0;NA;0;0;NA;0;0;NA;0;0;NA;1;1;"een keer";NA;10;"helemaal mee eens";"helemaal mee oneens";"helemaal mee oneens";"niet mee eens of oneens"
224;"vrouw";24;"midden";1;1;"een paar keer per week";1;0;NA;1;1;"een keer";1;0;NA;0;0;NA;0;0;NA;0;0;NA;NA;4;"helemaal mee eens";"helemaal mee eens";"mee eens";"weet niet"
140;"man";16;"hoog";1;1;"een paar keer per week";1;1;"minder dan maandelijks";1;1;"eens per maand";0;0;NA;0;0;NA;0;0;NA;0;0;NA;2;20;"helemaal mee eens";"mee eens";"mee eens";"mee eens"
175;"man";23;"hoog";1;1;"een paar keer per week";0;0;NA;1;1;"een keer";1;1;"een keer";1;1;"minder dan maandelijks";1;1;"een keer";1;1;"eens per maand";NA;7;"helemaal mee eens";"helemaal mee eens";"niet mee eens of oneens";"mee eens"
191;"man";25;"hoog";1;1;"eens per week";1;1;"een paar keer per maand";0;0;NA;1;1;"minder dan maandelijks";1;1;"minder dan maandelijks";1;1;"een keer";0;0;NA;10;13;"helemaal mee eens";"helemaal mee eens";"niet mee eens of oneens";"helemaal mee eens"
173;"man";16;"hoog";1;1;"een paar keer per week";1;1;"(bijna) elke dag";1;1;"een paar keer per week";1;1;"minder dan maandelijks";1;1;"minder dan maandelijks";1;0;NA;0;0;NA;32;9;"helemaal mee eens";"helemaal mee eens";"mee oneens";"weet niet"
87;"vrouw";17;"hoog";1;1;"eens per week";0;0;NA;0;0;NA;0;0;NA;0;0;NA;0;0;NA;0;0;NA;NA;3;"helemaal mee eens";"helemaal mee oneens";"helemaal mee oneens";"weet niet"
263;"anders";23;"midden";1;1;"(bijna) elke dag";1;1;"(bijna) elke dag";0;0;NA;1;0;NA;0;0;NA;1;1;"eens per maand";0;0;NA;32;4;"helemaal mee eens";"helemaal mee eens";"helemaal mee eens";"helemaal mee eens"
6;"man";30;"hoog";1;1;"een paar keer per week";1;1;"een paar keer per maand";1;1;"minder dan maandelijks";1;1;"eens per maand";1;1;"minder dan maandelijks";0;0;NA;1;1;"een keer";12;32;"helemaal mee eens";"helemaal mee eens";"helemaal mee oneens";"helemaal mee eens"
161;"man";23;"hoog";1;1;"eens per week";1;1;"een paar keer per week";0;0;NA;1;1;"een paar keer per week";1;1;"minder dan maandelijks";0;0;NA;1;1;"minder dan maandelijks";10;3;"helemaal mee eens";"helemaal mee eens";"mee oneens";"helemaal mee eens"
152;"man";16;"hoog";1;1;"een paar keer per week";1;1;"minder dan maandelijks";1;1;"minder dan maandelijks";1;1;"een keer";0;0;NA;1;1;"een paar keer per maand";1;1;"eens per week";6;10;"helemaal mee eens";"mee eens";"helemaal mee eens";"mee eens"
179;"anders";18;"midden";1;1;"eens per week";1;1;"(bijna) elke dag";1;1;"minder dan maandelijks";1;0;NA;1;1;"minder dan maandelijks";0;0;NA;1;0;NA;24;13;"helemaal mee eens";"helemaal mee eens";"mee eens";"helemaal mee eens"
324;"vrouw";18;"hoog";1;1;"(bijna) elke dag";0;0;NA;0;0;NA;1;0;NA;1;1;"minder dan maandelijks";1;1;"een paar keer per maand";0;0;NA;NA;2;"helemaal mee eens";"helemaal mee eens";"helemaal mee eens";"mee eens"
25;"man";19;"hoog";1;1;"minder dan maandelijks";0;0;NA;0;0;NA;1;1;"minder dan maandelijks";0;0;NA;0;0;NA;1;1;"een keer";NA;4;"helemaal mee eens";"mee eens";"helemaal mee oneens";"weet niet"
201;"vrouw";29;"midden";1;1;"een paar keer per maand";1;0;NA;0;0;NA;0;0;NA;0;0;NA;0;0;NA;0;0;NA;NA;24;"mee eens";"mee oneens";"mee oneens";"mee oneens"
139;"vrouw";28;"hoog";1;1;"een paar keer per maand";0;0;NA;1;1;"een keer";0;0;NA;1;1;"een keer";0;0;NA;1;0;NA;NA;7;"helemaal mee eens";"niet mee eens of oneens";"helemaal mee oneens";"mee oneens"
290;"vrouw";28;"hoog";1;1;"een paar keer per week";1;0;NA;0;0;NA;1;1;"(bijna) elke dag";1;1;"minder dan maandelijks";1;1;"minder dan maandelijks";0;0;NA;NA;5;"helemaal mee eens";"helemaal mee eens";"mee eens";"helemaal mee eens"
38;"man";23;"hoog";1;1;"een paar keer per week";0;0;NA;0;0;NA;1;1;"een paar keer per maand";1;1;"een keer";0;0;NA;1;1;"een keer";NA;13;"helemaal mee eens";"mee eens";"weet niet";"niet mee eens of oneens"
143;"man";27;"hoog";1;1;"eens per week";1;0;NA;1;0;NA;1;1;"minder dan maandelijks";1;1;"minder dan maandelijks";0;0;NA;0;0;NA;NA;17;"helemaal mee eens";"helemaal mee eens";"helemaal mee oneens";"niet mee eens of oneens"
321;"vrouw";25;"hoog";1;1;"een paar keer per week";1;1;"eens per week";0;0;NA;1;0;NA;1;1;"minder dan maandelijks";1;1;"eens per maand";1;1;"eens per maand";4;10;"helemaal mee eens";"helemaal mee eens";"helemaal mee eens";"weet niet"
103;"man";21;"midden";1;1;"een paar keer per maand";0;0;NA;1;1;"minder dan maandelijks";1;1;"minder dan maandelijks";1;1;"minder dan maandelijks";1;1;"minder dan maandelijks";0;0;NA;NA;18;"helemaal mee eens";"helemaal mee eens";"mee eens";"helemaal mee eens"
288;"man";26;"hoog";1;1;"een paar keer per week";1;1;"(bijna) elke dag";1;1;"(bijna) elke dag";1;1;"(bijna) elke dag";1;1;"eens per maand";1;1;"een paar keer per week";1;1;"eens per week";56;21;"helemaal mee eens";"helemaal mee eens";"helemaal mee eens";"helemaal mee eens"
301;"vrouw";19;"midden";1;1;"eens per week";1;1;"minder dan maandelijks";0;0;NA;0;0;NA;1;1;"minder dan maandelijks";0;0;NA;1;1;"een keer";2;6;"helemaal mee eens";"helemaal mee eens";"mee oneens";"helemaal mee eens"
122;"man";22;"hoog";1;1;"eens per week";0;0;NA;0;0;NA;0;0;NA;1;1;"minder dan maandelijks";1;1;"minder dan maandelijks";0;0;NA;NA;13;"helemaal mee eens";"helemaal mee eens";"mee eens";"helemaal mee eens"
208;"vrouw";35;"midden";1;1;"een paar keer per week";1;1;"een paar keer per week";0;0;NA;1;0;NA;1;1;"minder dan maandelijks";1;1;"een paar keer per maand";1;1;"eens per week";10;11;"helemaal mee eens";"helemaal mee eens";"helemaal mee eens";"helemaal mee eens"
118;"man";23;"hoog";1;1;"eens per week";1;1;"eens per maand";0;0;NA;1;0;NA;1;1;"minder dan maandelijks";1;1;"minder dan maandelijks";1;1;"minder dan maandelijks";7;15;"helemaal mee eens";"helemaal mee eens";"helemaal mee eens";"helemaal mee eens"
192;"man";19;"hoog";1;1;"(bijna) elke dag";1;1;"minder dan maandelijks";1;1;"minder dan maandelijks";1;1;"eens per week";0;0;NA;0;0;NA;0;0;NA;7;6;"helemaal mee eens";"mee eens";"mee oneens";"helemaal mee eens"
76;"vrouw";21;"hoog";1;1;"een paar keer per week";1;1;"een paar keer per week";1;1;"een paar keer per maand";0;0;NA;1;1;"minder dan maandelijks";0;0;NA;1;0;NA;6;6;"helemaal mee eens";"helemaal mee eens";"mee oneens";"helemaal mee eens"
323;"man";28;"midden";1;1;"eens per week";1;1;"een paar keer per maand";1;1;"minder dan maandelijks";1;0;NA;0;0;NA;0;0;NA;1;1;"minder dan maandelijks";2;15;"helemaal mee eens";"helemaal mee eens";"mee eens";"helemaal mee eens"
294;"vrouw";28;"hoog";1;1;"eens per week";0;0;NA;0;0;NA;1;0;NA;1;1;"minder dan maandelijks";0;0;NA;0;0;NA;NA;5;"helemaal mee eens";"helemaal mee eens";"mee oneens";"mee eens"
36;"man";16;"midden";1;1;"een paar keer per week";1;1;"(bijna) elke dag";1;1;"eens per week";0;0;NA;0;0;NA;0;0;NA;0;0;NA;15;11;"helemaal mee eens";"mee eens";"mee eens";"helemaal mee eens"
159;"vrouw";34;"hoog";1;1;"een paar keer per maand";0;0;NA;0;0;NA;0;0;NA;0;0;NA;0;0;NA;0;0;NA;NA;3;"helemaal mee eens";"mee oneens";"helemaal mee oneens";"mee eens"
202;"vrouw";20;"hoog";1;1;"eens per week";1;1;"minder dan maandelijks";0;0;NA;0;0;NA;1;0;NA;0;0;NA;0;0;NA;6;1;"helemaal mee eens";"helemaal mee oneens";"helemaal mee oneens";"mee oneens"
155;"vrouw";21;"hoog";1;1;"een paar keer per week";1;1;"(bijna) elke dag";1;1;"(bijna) elke dag";1;1;"(bijna) elke dag";0;0;NA;1;1;"een keer";0;0;NA;8;9;"helemaal mee eens";"helemaal mee oneens";"weet niet";"helemaal mee eens"
74;"vrouw";22;"hoog";1;1;"een paar keer per maand";0;0;NA;1;0;NA;0;0;NA;1;0;NA;0;0;NA;0;0;NA;NA;15;"helemaal mee eens";"mee eens";"mee oneens";"mee eens"
211;"vrouw";16;"midden";1;1;"een paar keer per maand";1;0;NA;1;1;"minder dan maandelijks";1;1;"eens per week";1;0;NA;0;0;NA;0;0;NA;NA;13;"helemaal mee eens";"mee eens";"helemaal mee oneens";"mee oneens"
62;"vrouw";18;"hoog";1;1;"eens per week";1;1;"minder dan maandelijks";1;1;"minder dan maandelijks";1;0;NA;0;0;NA;0;0;NA;0;0;NA;3;8;"helemaal mee eens";"mee oneens";"helemaal mee oneens";"mee eens"
125;"man";16;"midden";1;1;"eens per week";1;1;"(bijna) elke dag";1;1;"eens per week";1;1;"minder dan maandelijks";1;0;NA;0;0;NA;0;0;NA;6;9;"helemaal mee eens";"mee eens";"helemaal mee oneens";"mee eens"
50;"man";24;"midden";1;1;"een paar keer per week";1;1;"een paar keer per week";1;1;"eens per maand";1;1;"(bijna) elke dag";1;1;"minder dan maandelijks";0;0;NA;0;0;NA;6;11;"helemaal mee eens";"weet niet";"mee oneens";"helemaal mee eens"
93;"vrouw";24;"hoog";1;1;"eens per week";1;0;NA;0;0;NA;1;0;NA;1;1;"minder dan maandelijks";0;0;NA;1;1;"minder dan maandelijks";NA;7;"helemaal mee eens";"helemaal mee eens";"mee eens";"mee eens"
303;"vrouw";17;"hoog";1;0;NA;1;1;"een paar keer per maand";0;0;NA;1;1;"(bijna) elke dag";1;1;"minder dan maandelijks";0;0;NA;0;0;NA;2;NA;"helemaal mee eens";"mee eens";"mee eens";"helemaal mee eens"
345;"vrouw";17;"hoog";1;1;"een paar keer per week";0;0;NA;1;1;"(bijna) elke dag";0;0;NA;0;0;NA;1;1;"eens per maand";1;1;"(bijna) elke dag";NA;8;"helemaal mee eens";"mee eens";"helemaal mee eens";"helemaal mee eens"
170;"man";27;"midden";1;1;"een paar keer per week";1;1;"een paar keer per maand";1;1;"minder dan maandelijks";1;1;"een paar keer per week";1;1;"een keer";0;0;NA;1;1;"een paar keer per week";5;10;"helemaal mee eens";"mee eens";"mee eens";"helemaal mee eens"
104;"man";16;"midden";1;1;"een paar keer per week";1;1;"minder dan maandelijks";0;0;NA;1;1;"minder dan maandelijks";1;0;NA;0;0;NA;0;0;NA;3;8;"helemaal mee eens";"mee eens";"helemaal mee oneens";"helemaal mee eens"
281;"vrouw";24;"laag";1;1;"eens per week";1;1;"een paar keer per week";1;1;"een paar keer per maand";1;1;"een paar keer per maand";1;1;"eens per maand";0;0;NA;0;0;NA;4;9;"helemaal mee eens";"helemaal mee eens";"niet mee eens of oneens";"mee eens"
209;"vrouw";20;"midden";1;1;"een paar keer per week";1;1;"(bijna) elke dag";1;1;"(bijna) elke dag";1;1;"minder dan maandelijks";0;0;NA;0;0;NA;0;0;NA;42;18;"helemaal mee eens";"mee eens";"mee eens";"helemaal mee eens"
299;"man";19;"hoog";1;1;"een paar keer per week";1;1;"eens per week";1;1;"een paar keer per maand";1;1;"eens per maand";1;1;"minder dan maandelijks";0;0;NA;0;0;NA;2;12;"helemaal mee eens";"helemaal mee eens";"niet mee eens of oneens";"helemaal mee eens"
317;"man";23;"hoog";1;1;"een paar keer per maand";1;1;"een paar keer per week";0;0;NA;1;0;NA;1;1;"minder dan maandelijks";NA;0;NA;0;0;NA;1;8;"helemaal mee eens";"helemaal mee eens";"helemaal mee oneens";"mee eens"
262;"vrouw";28;"hoog";1;1;"een paar keer per week";1;1;"eens per maand";1;1;"(bijna) elke dag";1;1;"een paar keer per maand";0;0;NA;0;0;NA;0;0;NA;2;16;"helemaal mee eens";"helemaal mee oneens";"helemaal mee oneens";"helemaal mee eens"
106;"man";18;"midden";1;1;"een paar keer per week";1;1;"(bijna) elke dag";1;1;"minder dan maandelijks";0;0;NA;0;0;NA;0;0;NA;0;0;NA;13;12;"helemaal mee eens";"helemaal mee oneens";"mee oneens";"mee oneens"
85;"man";17;"hoog";1;1;"een paar keer per week";1;1;"(bijna) elke dag";1;1;"eens per maand";1;1;"eens per week";1;1;"minder dan maandelijks";1;1;"minder dan maandelijks";1;1;"eens per week";3;13;"helemaal mee eens";"helemaal mee eens";"mee eens";"helemaal mee eens"
41;"man";33;"midden";1;1;"een paar keer per week";0;0;NA;0;0;NA;1;1;"minder dan maandelijks";1;0;NA;0;0;NA;0;0;NA;NA;9;"helemaal mee eens";"mee eens";"niet mee eens of oneens";"helemaal mee eens"
18;"man";34;"hoog";1;1;"een paar keer per week";1;1;"(bijna) elke dag";0;0;NA;1;1;"eens per maand";1;1;"eens per maand";0;0;NA;1;1;"een paar keer per maand";43;21;"helemaal mee eens";"helemaal mee eens";"niet mee eens of oneens";"helemaal mee eens"
166;"man";21;"hoog";1;1;"een paar keer per week";1;1;"minder dan maandelijks";1;1;"een keer";0;0;NA;1;1;"minder dan maandelijks";0;0;NA;1;0;NA;9;25;"helemaal mee eens";"helemaal mee eens";"niet mee eens of oneens";"helemaal mee eens"
186;"man";20;"hoog";1;1;"een paar keer per week";1;1;"(bijna) elke dag";1;0;NA;1;1;"een paar keer per maand";0;0;NA;0;0;NA;0;0;NA;13;8;"helemaal mee eens";"weet niet";"mee oneens";"helemaal mee eens"
99;"vrouw";22;"hoog";1;1;"een paar keer per week";1;1;"eens per maand";1;1;"minder dan maandelijks";1;1;"eens per maand";1;1;"een keer";0;0;NA;0;0;NA;5;10;"helemaal mee eens";"mee oneens";"helemaal mee oneens";"mee eens"
285;"vrouw";24;"hoog";1;1;"(bijna) elke dag";1;1;"(bijna) elke dag";1;1;"eens per week";0;0;NA;0;0;NA;0;0;NA;1;0;NA;18;12;"helemaal mee eens";"mee eens";"niet mee eens of oneens";"helemaal mee eens"
196;"man";23;"midden";1;1;"een paar keer per week";1;1;"(bijna) elke dag";1;1;"eens per week";1;1;"een keer";1;0;NA;1;1;"eens per maand";0;0;NA;8;9;"helemaal mee eens";"mee eens";"helemaal mee eens";"helemaal mee eens"
110;"vrouw";29;"midden";1;1;"eens per week";0;0;NA;0;0;NA;0;0;NA;1;0;NA;0;0;NA;0;0;NA;NA;10;"helemaal mee eens";"mee eens";"helemaal mee oneens";"niet mee eens of oneens"
249;"man";18;"hoog";1;1;"een paar keer per week";1;1;"(bijna) elke dag";1;1;"een paar keer per maand";1;1;"(bijna) elke dag";0;0;NA;0;0;NA;0;0;NA;9;17;"helemaal mee eens";"mee eens";"mee oneens";"helemaal mee eens"
193;"man";22;"laag";1;1;"(bijna) elke dag";1;1;"een paar keer per week";0;0;NA;1;1;"een paar keer per week";1;1;"minder dan maandelijks";1;1;"een paar keer per maand";0;0;NA;7;7;"helemaal mee eens";"helemaal mee eens";"helemaal mee eens";"helemaal mee eens"
13;"man";35;"hoog";1;1;"een paar keer per week";1;1;"(bijna) elke dag";0;0;NA;1;0;NA;1;1;"een paar keer per maand";1;0;NA;0;0;NA;26;13;"helemaal mee eens";"helemaal mee eens";"helemaal mee eens";"helemaal mee eens"
266;"man";26;"midden";1;1;"minder dan maandelijks";1;1;"een keer";0;0;NA;1;0;NA;1;1;"een keer";1;1;"minder dan maandelijks";0;0;NA;1;4;"helemaal mee oneens";"mee eens";"mee eens";"helemaal mee oneens"
130;"man";29;"hoog";1;1;"een paar keer per week";1;0;NA;1;0;NA;1;1;"minder dan maandelijks";0;0;NA;1;1;"minder dan maandelijks";0;0;NA;NA;10;"helemaal mee eens";"mee eens";"mee eens";"mee eens"
32;"man";30;"hoog";1;1;"eens per week";1;0;NA;0;0;NA;1;1;"minder dan maandelijks";1;1;"eens per maand";0;0;NA;0;0;NA;NA;14;"helemaal mee eens";"helemaal mee eens";"helemaal mee oneens";"mee eens"
127;"man";25;"midden";1;1;"een paar keer per maand";1;1;"eens per week";0;0;NA;1;1;"eens per week";1;1;"minder dan maandelijks";1;1;"minder dan maandelijks";1;1;"minder dan maandelijks";3;13;"helemaal mee eens";"helemaal mee eens";"mee eens";"helemaal mee eens"
12;"vrouw";23;"midden";1;1;"eens per week";1;1;"(bijna) elke dag";1;1;"een paar keer per maand";0;0;NA;1;1;"minder dan maandelijks";1;1;"een keer";0;0;NA;6;4;"helemaal mee eens";"helemaal mee eens";"mee eens";"helemaal mee eens"
261;"man";23;"midden";1;1;"een paar keer per week";0;0;NA;0;0;NA;1;1;"een keer";1;1;"minder dan maandelijks";0;0;NA;1;1;"minder dan maandelijks";NA;20;"helemaal mee eens";"helemaal mee eens";"helemaal mee oneens";"niet mee eens of oneens"
286;"vrouw";19;"hoog";1;1;"een paar keer per maand";0;0;NA;1;0;NA;0;0;NA;1;1;"minder dan maandelijks";1;0;NA;1;0;NA;NA;2;"helemaal mee eens";"helemaal mee eens";"mee oneens";"helemaal mee eens"
197;"man";29;"hoog";1;1;"minder dan maandelijks";0;0;NA;1;1;"eens per maand";1;1;"minder dan maandelijks";1;1;"minder dan maandelijks";0;0;NA;1;0;NA;NA;10;"helemaal mee eens";"mee eens";"helemaal mee oneens";"mee eens"
305;"vrouw";22;"hoog";1;1;"een paar keer per week";1;1;"(bijna) elke dag";1;1;"een paar keer per maand";1;1;"minder dan maandelijks";0;0;NA;1;1;"minder dan maandelijks";1;1;"een paar keer per maand";7;11;"helemaal mee eens";"mee eens";"mee eens";"helemaal mee eens"
302;"vrouw";25;"hoog";1;1;"(bijna) elke dag";1;0;NA;1;1;"een paar keer per week";1;1;"een paar keer per week";0;0;NA;0;0;NA;0;0;NA;NA;5;"helemaal mee eens";"mee oneens";"helemaal mee oneens";"helemaal mee eens"
246;"vrouw";24;"midden";1;1;"eens per week";1;1;"minder dan maandelijks";0;0;NA;1;1;"een paar keer per maand";0;0;NA;1;1;"minder dan maandelijks";0;0;NA;6;4;"helemaal mee eens";"mee oneens";"mee eens";"helemaal mee eens"
29;"man";23;"midden";1;1;"een paar keer per week";1;1;"een paar keer per week";1;1;"minder dan maandelijks";1;0;NA;1;1;"minder dan maandelijks";0;0;NA;0;0;NA;4;17;"helemaal mee eens";"helemaal mee eens";"mee eens";"helemaal mee eens"
204;"vrouw";24;"hoog";1;1;"een paar keer per week";1;1;"een paar keer per maand";1;1;"minder dan maandelijks";1;1;"eens per week";0;0;NA;1;1;"een keer";0;0;NA;4;6;"helemaal mee eens";"helemaal mee oneens";"mee eens";"mee eens"
55;"vrouw";22;"hoog";1;1;"een paar keer per week";1;0;NA;0;0;NA;1;1;"een paar keer per maand";1;1;"een keer";0;0;NA;0;0;NA;NA;11;"helemaal mee eens";"helemaal mee eens";"mee eens";"helemaal mee eens"
347;"man";28;NA;1;1;"een paar keer per maand";1;1;"eens per week";0;0;NA;1;1;"een keer";1;1;"minder dan maandelijks";1;1;"minder dan maandelijks";0;0;NA;11;6;"helemaal mee eens";"helemaal mee eens";"mee eens";"helemaal mee eens"
182;"man";23;"midden";1;1;"een paar keer per maand";1;0;NA;1;1;"een keer";1;1;"een paar keer per maand";0;0;NA;0;0;NA;0;0;NA;NA;9;"helemaal mee eens";"mee oneens";"mee oneens";"helemaal mee eens"
65;"man";21;"hoog";1;1;"een paar keer per week";1;1;"(bijna) elke dag";1;1;"een paar keer per maand";1;1;"minder dan maandelijks";0;0;NA;1;0;NA;0;0;NA;34;8;"helemaal mee eens";"mee oneens";"niet mee eens of oneens";"mee eens"
181;"man";20;NA;1;0;NA;1;1;"minder dan maandelijks";1;1;"een paar keer per maand";1;0;NA;1;1;"minder dan maandelijks";1;1;"minder dan maandelijks";0;0;NA;3;NA;"helemaal mee eens";"mee eens";"mee eens";"helemaal mee eens"
30;"vrouw";23;"hoog";1;1;"eens per week";1;1;"(bijna) elke dag";0;0;NA;1;1;"minder dan maandelijks";0;0;NA;0;0;NA;0;0;NA;10;15;"helemaal mee eens";"mee eens";"niet mee eens of oneens";"weet niet"
82;"vrouw";22;"midden";1;1;"eens per week";1;1;"minder dan maandelijks";0;0;NA;0;0;NA;0;0;NA;0;0;NA;0;0;NA;4;5;"helemaal mee eens";"helemaal mee oneens";"niet mee eens of oneens";"mee eens"
14;"vrouw";20;"hoog";1;1;"een paar keer per week";1;0;NA;1;1;"een keer";1;0;NA;0;0;NA;1;0;NA;1;1;"minder dan maandelijks";NA;3;"helemaal mee eens";"helemaal mee eens";"niet mee eens of oneens";"mee eens"
145;"vrouw";20;"midden";1;1;"een paar keer per week";1;1;"eens per maand";0;0;NA;1;1;"een keer";1;0;NA;1;1;"minder dan maandelijks";0;0;NA;2;7;"helemaal mee eens";"mee eens";"mee eens";"weet niet"
24;"man";28;"hoog";1;1;"een paar keer per week";0;0;NA;1;1;"minder dan maandelijks";0;0;NA;1;0;NA;1;1;"minder dan maandelijks";1;1;"een paar keer per maand";NA;20;"helemaal mee eens";"mee oneens";"helemaal mee eens";"helemaal mee eens"
7;"man";34;"hoog";1;1;"een paar keer per week";1;0;NA;0;0;NA;0;0;NA;1;1;"een keer";0;0;NA;0;0;NA;NA;33;"helemaal mee eens";"helemaal mee oneens";"helemaal mee oneens";"helemaal mee oneens"
242;"vrouw";21;"midden";1;1;"een paar keer per week";1;1;"(bijna) elke dag";1;1;"een paar keer per week";1;0;NA;1;1;"een paar keer per maand";0;0;NA;1;1;"minder dan maandelijks";28;10;"helemaal mee eens";"helemaal mee eens";"mee eens";"helemaal mee eens"
23;"man";34;"hoog";1;1;"eens per week";0;0;NA;0;0;NA;1;0;NA;0;0;NA;0;0;NA;0;0;NA;NA;10;"helemaal mee eens";"mee eens";"mee oneens";"mee eens"
267;"man";16;"hoog";1;1;"eens per week";0;0;NA;1;1;"minder dan maandelijks";1;0;NA;1;0;NA;0;0;NA;0;0;NA;NA;10;"helemaal mee eens";"helemaal mee eens";"mee eens";"helemaal mee eens"
312;"vrouw";21;NA;1;1;"een paar keer per week";1;0;NA;1;1;"minder dan maandelijks";1;0;NA;0;0;NA;0;0;NA;0;0;NA;NA;14;"helemaal mee eens";"mee oneens";"mee oneens";"helemaal mee oneens"
279;"vrouw";24;"hoog";1;1;"eens per week";0;0;NA;1;1;"(bijna) elke dag";0;0;NA;0;0;NA;1;0;NA;0;0;NA;NA;6;"helemaal mee eens";"niet mee eens of oneens";"helemaal mee oneens";"mee eens"
90;"man";23;"hoog";1;1;"een paar keer per week";1;1;"een paar keer per week";1;1;"een keer";1;0;NA;1;1;"een keer";0;0;NA;1;1;"een keer";5;7;"helemaal mee eens";"niet mee eens of oneens";"mee oneens";"mee eens"
220;"man";24;"hoog";1;1;"eens per week";1;1;"(bijna) elke dag";1;1;"een paar keer per maand";1;1;"minder dan maandelijks";1;1;"minder dan maandelijks";1;0;NA;0;0;NA;6;9;"helemaal mee eens";"helemaal mee eens";"mee eens";"helemaal mee eens"
56;"vrouw";24;"hoog";1;1;"minder dan maandelijks";0;0;NA;0;0;NA;1;1;"een keer";1;1;"minder dan maandelijks";0;0;NA;0;0;NA;NA;8;"helemaal mee eens";"mee eens";"mee oneens";"mee eens"
128;"man";24;"hoog";1;1;"eens per week";1;1;"(bijna) elke dag";1;1;"minder dan maandelijks";1;0;NA;0;0;NA;0;0;NA;1;1;"een keer";7;11;"helemaal mee eens";"mee eens";"helemaal mee eens";"helemaal mee eens"
215;"vrouw";24;"midden";1;1;"een paar keer per week";0;0;NA;1;1;"een paar keer per week";1;1;"minder dan maandelijks";1;1;"minder dan maandelijks";0;0;NA;0;0;NA;NA;14;"helemaal mee eens";"helemaal mee eens";"helemaal mee eens";"helemaal mee eens"
274;"man";25;"midden";1;1;"een paar keer per week";1;1;"minder dan maandelijks";1;1;"eens per maand";1;1;"minder dan maandelijks";1;1;"een paar keer per maand";1;1;"minder dan maandelijks";1;1;"eens per maand";7;16;"helemaal mee eens";"helemaal mee eens";"helemaal mee eens";"helemaal mee eens"
344;"man";21;"hoog";1;1;"een paar keer per week";1;1;"(bijna) elke dag";0;0;NA;1;1;"minder dan maandelijks";1;1;"eens per maand";0;0;NA;1;1;"een paar keer per maand";5;25;"helemaal mee eens";"helemaal mee eens";"mee eens";"helemaal mee eens"
45;"man";24;"hoog";1;1;"een paar keer per week";0;0;NA;0;0;NA;1;1;"een paar keer per maand";0;0;NA;1;1;"minder dan maandelijks";0;0;NA;NA;15;"helemaal mee eens";"niet mee eens of oneens";"mee eens";"mee eens"
98;"man";27;"hoog";1;1;"een paar keer per maand";1;1;"minder dan maandelijks";0;0;NA;1;1;"een keer";0;0;NA;0;0;NA;0;0;NA;3;10;"helemaal mee eens";"mee eens";"helemaal mee oneens";"mee oneens"
9;"man";28;"hoog";1;1;"een paar keer per week";1;0;NA;0;0;NA;1;1;"minder dan maandelijks";1;1;"minder dan maandelijks";0;0;NA;0;0;NA;NA;9;"helemaal mee eens";"helemaal mee eens";"mee eens";"helemaal mee eens"
40;"man";28;"hoog";1;1;"een paar keer per week";1;1;"een paar keer per week";1;0;NA;1;1;"minder dan maandelijks";1;1;"minder dan maandelijks";1;1;"een keer";0;0;NA;3;2;"helemaal mee eens";"helemaal mee eens";"niet mee eens of oneens";"mee eens"
217;"man";28;"hoog";1;1;"een paar keer per maand";1;1;"een paar keer per week";1;1;"een paar keer per maand";1;1;"eens per maand";1;1;"minder dan maandelijks";1;1;"minder dan maandelijks";0;0;NA;8;18;"helemaal mee eens";"mee eens";"niet mee eens of oneens";"helemaal mee eens"
332;"vrouw";20;"hoog";1;1;"een paar keer per week";1;1;"eens per week";1;1;"(bijna) elke dag";1;1;"(bijna) elke dag";1;1;"minder dan maandelijks";1;0;NA;1;1;"minder dan maandelijks";6;9;"helemaal mee eens";"helemaal mee eens";"helemaal mee oneens";"helemaal mee eens"
72;"man";24;"midden";1;1;"minder dan maandelijks";1;0;NA;0;0;NA;1;0;NA;1;1;"minder dan maandelijks";1;0;NA;1;1;"minder dan maandelijks";NA;9;"mee eens";"helemaal mee eens";"mee oneens";"niet mee eens of oneens"
275;"vrouw";17;"midden";1;0;NA;1;1;"eens per week";1;0;NA;0;0;NA;0;0;NA;0;0;NA;1;1;"minder dan maandelijks";27;NA;"helemaal mee eens";"niet mee eens of oneens";"mee eens";"helemaal mee eens"
287;"man";19;"midden";1;1;"een paar keer per maand";0;0;NA;1;1;"minder dan maandelijks";0;0;NA;1;1;"minder dan maandelijks";1;0;NA;0;0;NA;NA;18;"helemaal mee eens";"helemaal mee eens";"helemaal mee oneens";"helemaal mee eens"
241;"vrouw";17;"hoog";1;1;"een paar keer per week";1;1;"een paar keer per week";1;1;"eens per maand";1;1;"een paar keer per week";1;1;"een keer";0;0;NA;0;0;NA;4;7;"helemaal mee eens";"helemaal mee eens";"niet mee eens of oneens";"helemaal mee eens"
37;"man";26;"midden";1;1;"een paar keer per week";1;1;"een paar keer per week";1;1;"minder dan maandelijks";1;0;NA;0;0;NA;1;1;"een keer";1;1;"minder dan maandelijks";11;11;"helemaal mee eens";"helemaal mee oneens";"helemaal mee eens";"helemaal mee eens"
148;"vrouw";30;"hoog";1;1;"eens per week";0;0;NA;0;0;NA;0;0;NA;1;0;NA;0;0;NA;1;1;"eens per maand";NA;5;"helemaal mee eens";"mee oneens";"mee oneens";"helemaal mee eens"
60;"man";19;"hoog";1;1;"eens per week";1;1;"(bijna) elke dag";1;1;"(bijna) elke dag";1;0;NA;0;0;NA;0;0;NA;1;1;"minder dan maandelijks";22;12;"helemaal mee eens";"mee eens";"niet mee eens of oneens";"helemaal mee eens"
8;"vrouw";24;"hoog";1;1;"een paar keer per week";1;1;"een paar keer per week";1;1;"een paar keer per maand";0;0;NA;1;0;NA;1;1;"minder dan maandelijks";1;1;"eens per maand";3;11;"helemaal mee eens";"helemaal mee eens";"helemaal mee eens";"helemaal mee eens"
144;"vrouw";16;"midden";1;1;"eens per week";1;0;NA;0;0;NA;1;0;NA;0;0;NA;0;0;NA;0;0;NA;NA;3;"helemaal mee eens";"niet mee eens of oneens";"niet mee eens of oneens";"helemaal mee eens"
96;"man";26;"midden";1;1;"een paar keer per week";1;1;"een paar keer per week";1;1;"minder dan maandelijks";1;1;"minder dan maandelijks";0;0;NA;1;1;"een keer";0;0;NA;29;11;"helemaal mee eens";"mee eens";"mee eens";"helemaal mee eens"
223;"man";23;"midden";1;0;NA;1;1;"(bijna) elke dag";1;1;"minder dan maandelijks";1;1;"eens per maand";1;1;"minder dan maandelijks";0;0;NA;1;1;"minder dan maandelijks";27;NA;"helemaal mee eens";"mee eens";"niet mee eens of oneens";"mee eens"
276;"vrouw";21;"hoog";1;1;"een paar keer per maand";0;0;NA;1;1;"minder dan maandelijks";1;1;"een keer";0;0;NA;0;0;NA;0;0;NA;NA;10;"helemaal mee eens";"helemaal mee oneens";"mee oneens";"helemaal mee oneens"
295;"vrouw";22;"hoog";1;1;"een paar keer per week";1;1;"een keer";1;1;"een keer";1;1;"eens per week";0;0;NA;0;0;NA;1;1;"minder dan maandelijks";1;11;"helemaal mee eens";"helemaal mee eens";"mee oneens";"helemaal mee eens"
222;"vrouw";16;"midden";1;1;"een paar keer per week";1;0;NA;1;1;"een paar keer per maand";1;1;"eens per week";0;0;NA;0;0;NA;0;0;NA;NA;9;"helemaal mee eens";"helemaal mee eens";"mee eens";"mee eens"
124;"vrouw";21;"hoog";1;1;"eens per week";1;0;NA;1;0;NA;1;1;"minder dan maandelijks";0;0;NA;0;0;NA;1;1;"een keer";NA;5;"helemaal mee eens";"helemaal mee eens";"helemaal mee oneens";"mee eens"
67;"vrouw";18;"midden";1;0;NA;1;0;NA;1;1;"eens per maand";0;0;NA;0;0;NA;0;0;NA;1;1;"een paar keer per maand";NA;NA;"mee eens";"mee eens";"niet mee eens of oneens";"mee eens"
306;"man";24;"laag";1;1;"een paar keer per maand";1;1;"minder dan maandelijks";0;0;NA;1;1;"een keer";1;1;"minder dan maandelijks";0;0;NA;0;0;NA;9;2;"helemaal mee eens";"mee eens";"niet mee eens of oneens";"helemaal mee eens"
228;"man";28;"midden";0;0;NA;1;0;NA;0;0;NA;1;1;"een keer";1;0;NA;0;0;NA;0;0;NA;NA;NA;"helemaal mee oneens";"mee eens";"helemaal mee oneens";"helemaal mee eens"
319;"vrouw";23;"midden";1;1;"een paar keer per week";1;1;"(bijna) elke dag";1;1;"minder dan maandelijks";1;1;"een paar keer per maand";0;0;NA;0;0;NA;0;0;NA;12;28;"helemaal mee eens";"niet mee eens of oneens";"helemaal mee oneens";"mee eens"
19;"man";27;"hoog";1;1;"een paar keer per week";1;1;"(bijna) elke dag";1;1;"een keer";0;0;NA;1;1;"minder dan maandelijks";1;1;"minder dan maandelijks";1;1;"minder dan maandelijks";2;16;"helemaal mee eens";"helemaal mee eens";"mee eens";"helemaal mee eens"
68;"man";21;"midden";1;1;"eens per week";1;1;"(bijna) elke dag";1;1;"minder dan maandelijks";1;1;"minder dan maandelijks";1;1;"minder dan maandelijks";1;1;"minder dan maandelijks";0;0;NA;7;4;"helemaal mee eens";"helemaal mee eens";"helemaal mee eens";"helemaal mee eens"
47;"vrouw";20;"hoog";1;1;"een paar keer per maand";1;0;NA;0;0;NA;1;1;"een keer";0;0;NA;0;0;NA;1;1;"een keer";NA;8;"helemaal mee eens";"helemaal mee eens";"niet mee eens of oneens";"weet niet"
151;"man";22;"midden";1;1;"een paar keer per week";1;1;"eens per week";1;1;"eens per week";1;0;NA;1;0;NA;1;0;NA;1;1;"minder dan maandelijks";7;22;"helemaal mee eens";"helemaal mee eens";"niet mee eens of oneens";"helemaal mee eens"
180;"vrouw";22;"hoog";1;1;"een paar keer per week";1;1;"een paar keer per week";1;1;"een paar keer per maand";1;1;"minder dan maandelijks";1;1;"eens per maand";0;0;NA;1;1;"eens per maand";5;5;"helemaal mee eens";"helemaal mee eens";"mee oneens";"helemaal mee eens"
84;"vrouw";21;"hoog";1;1;"eens per week";1;0;NA;1;1;"een paar keer per maand";0;0;NA;0;0;NA;1;1;"een keer";0;0;NA;NA;9;"helemaal mee eens";"helemaal mee oneens";"mee eens";"mee eens"
92;"vrouw";21;"hoog";1;1;"(bijna) elke dag";1;1;"(bijna) elke dag";1;1;"een paar keer per week";1;1;"(bijna) elke dag";0;0;NA;0;0;NA;0;0;NA;24;5;"helemaal mee eens";"helemaal mee oneens";"mee oneens";"mee eens"
326;"vrouw";19;"hoog";1;1;"een paar keer per week";1;1;"(bijna) elke dag";1;1;"minder dan maandelijks";1;1;"(bijna) elke dag";0;0;NA;1;0;NA;0;0;NA;18;12;"helemaal mee eens";"helemaal mee eens";"niet mee eens of oneens";"helemaal mee eens"
245;"vrouw";22;"hoog";1;1;"een paar keer per week";1;1;"eens per week";1;1;"een keer";1;1;"minder dan maandelijks";1;0;NA;1;1;"minder dan maandelijks";1;1;"eens per maand";5;9;"helemaal mee eens";"mee eens";"weet niet";"helemaal mee eens"
349;"vrouw";16;NA;1;1;"een paar keer per week";0;0;NA;1;1;"eens per week";1;0;NA;1;0;NA;0;0;NA;0;0;NA;NA;14;"helemaal mee eens";"mee oneens";"helemaal mee oneens";"mee eens"
268;"vrouw";26;"hoog";1;1;"eens per week";0;0;NA;0;0;NA;0;0;NA;1;0;NA;0;0;NA;0;0;NA;NA;6;"helemaal mee eens";"mee oneens";"mee oneens";"mee eens"
296;"vrouw";34;"hoog";1;1;"een paar keer per week";1;1;"eens per week";0;0;NA;1;1;"minder dan maandelijks";1;1;"minder dan maandelijks";1;1;"minder dan maandelijks";1;1;"een keer";18;8;"helemaal mee eens";"mee eens";"mee eens";"helemaal mee eens"
165;"man";34;"laag";1;1;"een paar keer per week";1;1;"eens per week";1;1;"minder dan maandelijks";1;0;NA;1;1;"minder dan maandelijks";1;1;"minder dan maandelijks";1;1;"minder dan maandelijks";1;3;"helemaal mee eens";"helemaal mee eens";"mee eens";"helemaal mee eens"
80;"vrouw";19;"hoog";1;1;"een paar keer per week";1;0;NA;1;1;"een paar keer per week";0;0;NA;1;1;"eens per maand";0;0;NA;1;1;"minder dan maandelijks";NA;8;"helemaal mee eens";"helemaal mee eens";"mee oneens";"mee eens"
210;"vrouw";21;"hoog";1;1;"een paar keer per week";1;1;"(bijna) elke dag";0;0;NA;0;0;NA;0;0;NA;0;0;NA;0;0;NA;28;9;"helemaal mee eens";"mee eens";"helemaal mee oneens";"helemaal mee eens"
232;"man";25;"hoog";1;1;"een paar keer per maand";1;1;"een paar keer per maand";0;0;NA;1;0;NA;1;0;NA;1;1;"minder dan maandelijks";0;0;NA;1;13;"helemaal mee eens";"mee eens";"niet mee eens of oneens";"helemaal mee eens"
28;"man";24;"hoog";1;1;"een paar keer per maand";1;1;"minder dan maandelijks";1;1;"een keer";1;0;NA;1;1;"eens per maand";0;0;NA;1;1;"een keer";6;18;"helemaal mee eens";"helemaal mee eens";"mee oneens";"helemaal mee eens"
39;"vrouw";23;"hoog";1;1;"eens per week";1;1;"(bijna) elke dag";0;0;NA;1;0;NA;1;1;"minder dan maandelijks";0;0;NA;0;0;NA;33;7;"helemaal mee eens";"helemaal mee eens";"helemaal mee eens";"helemaal mee eens"
292;"vrouw";25;"hoog";1;1;"eens per week";1;1;"een paar keer per maand";1;1;"minder dan maandelijks";1;1;"minder dan maandelijks";1;0;NA;1;0;NA;0;0;NA;3;10;"helemaal mee eens";"helemaal mee oneens";"helemaal mee oneens";"mee eens"
331;"man";25;"hoog";1;1;"een paar keer per maand";1;1;"minder dan maandelijks";1;1;"eens per maand";1;0;NA;1;1;"minder dan maandelijks";1;0;NA;1;1;"minder dan maandelijks";1;19;"helemaal mee eens";"helemaal mee eens";"mee oneens";"helemaal mee eens"
335;"man";30;"midden";1;0;NA;0;0;NA;0;0;NA;0;0;NA;0;0;NA;0;0;NA;1;1;"een keer";NA;NA;"helemaal mee oneens";"helemaal mee oneens";"helemaal mee oneens";"helemaal mee oneens"
238;"man";19;"midden";1;1;"een paar keer per week";1;1;"(bijna) elke dag";1;1;"(bijna) elke dag";1;1;"minder dan maandelijks";1;1;"minder dan maandelijks";0;0;NA;1;1;"minder dan maandelijks";14;12;"helemaal mee eens";"mee eens";"helemaal mee oneens";"weet niet"
79;"man";22;"hoog";1;1;"een paar keer per week";1;1;"(bijna) elke dag";1;1;"(bijna) elke dag";1;1;"(bijna) elke dag";1;1;"minder dan maandelijks";1;1;"een keer";1;0;NA;26;7;"helemaal mee eens";"helemaal mee eens";"niet mee eens of oneens";"helemaal mee eens"
42;"vrouw";19;"hoog";1;1;"minder dan maandelijks";0;0;NA;0;0;NA;0;0;NA;1;1;"minder dan maandelijks";0;0;NA;0;0;NA;NA;4;"mee eens";"helemaal mee eens";"helemaal mee eens";"helemaal mee eens"
328;"vrouw";35;"midden";1;0;NA;1;1;"minder dan maandelijks";0;0;NA;0;0;NA;1;0;NA;1;1;"een keer";1;1;"een paar keer per maand";1;NA;"mee eens";"niet mee eens of oneens";"mee eens";"mee eens"
136;"man";17;"midden";1;1;"een paar keer per week";1;0;NA;1;1;"minder dan maandelijks";1;0;NA;0;0;NA;0;0;NA;0;0;NA;NA;9;"helemaal mee eens";"helemaal mee oneens";"mee eens";"mee eens"
149;"vrouw";21;"hoog";1;1;"eens per week";1;1;"(bijna) elke dag";1;1;"een paar keer per week";1;0;NA;0;0;NA;0;0;NA;0;0;NA;24;2;"helemaal mee eens";"helemaal mee oneens";"helemaal mee oneens";"mee eens"
52;"vrouw";22;"hoog";1;1;"eens per maand";1;1;"(bijna) elke dag";1;1;"een paar keer per maand";1;1;"minder dan maandelijks";1;0;NA;0;0;NA;1;0;NA;29;5;"helemaal mee eens";"niet mee eens of oneens";"helemaal mee oneens";"helemaal mee eens"
289;"vrouw";25;"hoog";1;1;"eens per week";0;0;NA;1;1;"een keer";1;0;NA;1;0;NA;1;1;"minder dan maandelijks";1;1;"minder dan maandelijks";NA;8;"helemaal mee eens";"mee eens";"helemaal mee eens";"helemaal mee eens"
83;"vrouw";16;"laag";1;1;"een paar keer per week";1;1;"(bijna) elke dag";0;0;NA;1;1;"eens per week";0;0;NA;1;0;NA;0;0;NA;32;20;"helemaal mee eens";"niet mee eens of oneens";"mee eens";"weet niet"
184;"vrouw";24;"hoog";1;1;"minder dan maandelijks";0;0;NA;0;0;NA;0;0;NA;1;1;"een keer";1;0;NA;1;0;NA;NA;5;"helemaal mee oneens";"mee eens";"mee eens";"helemaal mee oneens"
44;"man";24;"hoog";1;1;"een paar keer per week";1;1;"(bijna) elke dag";0;0;NA;1;0;NA;0;0;NA;0;0;NA;1;1;"een keer";7;5;"weet niet";"helemaal mee oneens";"helemaal mee eens";"mee eens"
154;"vrouw";20;"hoog";1;1;"eens per week";1;1;"minder dan maandelijks";0;0;NA;0;0;NA;0;0;NA;0;0;NA;1;1;"minder dan maandelijks";3;3;"helemaal mee eens";"helemaal mee oneens";"mee oneens";"mee eens"
198;"vrouw";21;"hoog";1;1;"eens per week";1;1;"eens per week";1;0;NA;1;1;"(bijna) elke dag";1;1;"minder dan maandelijks";1;1;"eens per week";1;1;"een paar keer per maand";13;10;"helemaal mee eens";"helemaal mee eens";"helemaal mee eens";"helemaal mee eens"
337;"man";23;"hoog";1;1;"minder dan maandelijks";1;0;NA;1;1;"minder dan maandelijks";1;1;"eens per maand";NA;1;"minder dan maandelijks";1;1;"minder dan maandelijks";1;1;"een paar keer per maand";NA;3;"helemaal mee oneens";"helemaal mee eens";"helemaal mee eens";"helemaal mee eens"
11;"man";23;"hoog";1;1;"een paar keer per week";1;1;"een paar keer per week";1;1;"een paar keer per week";1;1;"(bijna) elke dag";1;1;"minder dan maandelijks";1;1;"een paar keer per maand";1;1;"minder dan maandelijks";33;9;"helemaal mee eens";"helemaal mee eens";"helemaal mee eens";"helemaal mee eens"
203;"man";25;"midden";1;1;"eens per week";1;1;"minder dan maandelijks";1;1;"minder dan maandelijks";1;0;NA;NA;0;NA;1;0;NA;0;0;NA;4;17;"helemaal mee eens";"helemaal mee eens";"mee oneens";"mee eens"
156;"vrouw";24;"midden";1;1;"(bijna) elke dag";1;1;"een paar keer per week";1;1;"een paar keer per week";1;1;"minder dan maandelijks";1;1;"minder dan maandelijks";0;0;NA;0;0;NA;11;3;"helemaal mee eens";"helemaal mee eens";"mee oneens";"helemaal mee eens"
134;"man";22;"hoog";1;1;"een paar keer per week";1;1;"minder dan maandelijks";1;0;NA;1;1;"minder dan maandelijks";1;1;"een keer";1;1;"eens per maand";1;1;"minder dan maandelijks";2;10;"helemaal mee eens";"helemaal mee eens";"helemaal mee eens";"helemaal mee eens"
213;"man";35;"midden";1;1;"eens per week";1;1;"(bijna) elke dag";0;0;NA;0;0;NA;1;1;"minder dan maandelijks";0;0;NA;1;1;"minder dan maandelijks";3;11;"helemaal mee eens";"helemaal mee eens";"helemaal mee eens";"helemaal mee eens"
284;"vrouw";17;"hoog";1;1;"eens per week";1;1;"een paar keer per week";0;0;NA;0;0;NA;0;0;NA;0;0;NA;0;0;NA;3;10;"helemaal mee eens";"mee eens";"mee eens";"helemaal mee eens"
297;"vrouw";33;"hoog";1;1;"eens per week";0;0;NA;1;1;"eens per week";1;0;NA;0;0;NA;1;1;"een keer";0;0;NA;NA;4;"helemaal mee eens";"mee eens";"mee eens";"helemaal mee eens"
88;"vrouw";22;"hoog";1;1;"eens per week";1;1;"eens per maand";1;1;"eens per week";1;1;"minder dan maandelijks";1;1;"minder dan maandelijks";1;1;"eens per maand";1;1;"een paar keer per maand";2;12;"helemaal mee eens";"helemaal mee eens";"helemaal mee eens";"helemaal mee eens"
309;"vrouw";17;"hoog";1;1;"een paar keer per week";0;0;NA;1;1;"minder dan maandelijks";0;0;NA;1;1;"minder dan maandelijks";0;0;NA;0;0;NA;NA;11;"helemaal mee eens";"helemaal mee eens";"helemaal mee eens";"helemaal mee eens"
91;"vrouw";28;"hoog";1;1;"eens per week";1;0;NA;0;0;NA;1;0;NA;0;0;NA;1;0;NA;1;1;"minder dan maandelijks";NA;9;"helemaal mee eens";"mee eens";"niet mee eens of oneens";"mee oneens"
5;"vrouw";26;"midden";1;1;"een paar keer per week";0;0;NA;1;1;"een keer";1;0;NA;1;0;NA;0;0;NA;0;0;NA;NA;7;"helemaal mee eens";"mee eens";"mee eens";"helemaal mee eens"
316;"vrouw";22;"hoog";1;1;"eens per maand";1;1;"minder dan maandelijks";0;0;NA;1;0;NA;1;0;NA;1;0;NA;1;1;"minder dan maandelijks";3;10;"mee eens";"mee eens";"mee eens";"helemaal mee eens"
147;"man";30;"hoog";1;1;"eens per maand";1;1;"(bijna) elke dag";0;0;NA;1;1;"minder dan maandelijks";0;0;NA;0;0;NA;1;1;"minder dan maandelijks";29;9;"helemaal mee oneens";"mee oneens";"mee oneens";"mee eens"
194;"vrouw";29;"hoog";1;1;"een paar keer per week";0;0;NA;0;0;NA;1;0;NA;1;0;NA;0;0;NA;1;1;"minder dan maandelijks";NA;5;"helemaal mee eens";"mee eens";"mee oneens";"mee eens"
248;"man";32;"hoog";1;1;"een paar keer per maand";1;1;"(bijna) elke dag";0;0;NA;1;1;"minder dan maandelijks";1;1;"minder dan maandelijks";0;0;NA;0;0;NA;10;5;"helemaal mee eens";"helemaal mee eens";"niet mee eens of oneens";"mee eens"
231;"man";17;"hoog";1;1;"een paar keer per maand";0;0;NA;1;1;"minder dan maandelijks";1;1;"een keer";1;1;"minder dan maandelijks";0;0;NA;0;0;NA;NA;10;"helemaal mee eens";"helemaal mee eens";"niet mee eens of oneens";"niet mee eens of oneens"
174;"vrouw";29;"hoog";1;1;"een paar keer per maand";1;1;"(bijna) elke dag";1;1;"eens per maand";1;0;NA;1;1;"minder dan maandelijks";1;1;"minder dan maandelijks";0;0;NA;11;4;"helemaal mee eens";"helemaal mee eens";"helemaal mee eens";"helemaal mee eens"
15;"man";26;"hoog";1;1;"een paar keer per week";0;0;NA;1;1;"eens per week";1;1;"een paar keer per maand";1;1;"minder dan maandelijks";1;0;NA;1;1;"minder dan maandelijks";NA;28;"helemaal mee eens";"helemaal mee eens";"mee eens";"helemaal mee eens"
123;"vrouw";24;"hoog";1;1;"een paar keer per week";1;1;"minder dan maandelijks";1;1;"een paar keer per week";1;0;NA;1;1;"minder dan maandelijks";1;1;"een paar keer per maand";0;0;NA;1;7;"helemaal mee eens";"mee eens";"helemaal mee eens";"helemaal mee eens"
258;"vrouw";26;"laag";1;1;"eens per week";1;1;"minder dan maandelijks";1;1;"minder dan maandelijks";0;0;NA;0;0;NA;1;1;"minder dan maandelijks";0;0;NA;2;6;"helemaal mee eens";"helemaal mee oneens";"mee eens";"mee oneens"
16;"man";23;NA;1;1;"een paar keer per week";1;1;"een paar keer per week";1;1;"minder dan maandelijks";1;1;"minder dan maandelijks";1;1;"minder dan maandelijks";1;0;NA;1;1;"minder dan maandelijks";22;5;"helemaal mee eens";"helemaal mee eens";"mee oneens";"helemaal mee eens"
146;"man";21;NA;1;1;"een paar keer per maand";1;1;"minder dan maandelijks";0;0;NA;1;0;NA;1;1;"minder dan maandelijks";1;1;"minder dan maandelijks";0;0;NA;5;7;"helemaal mee eens";"mee eens";"helemaal mee eens";"helemaal mee oneens"
2;"vrouw";31;"hoog";1;1;"eens per week";1;0;NA;0;0;NA;0;0;NA;1;1;"minder dan maandelijks";0;0;NA;0;0;NA;NA;11;"helemaal mee eens";"helemaal mee eens";"helemaal mee eens";"weet niet"
35;"vrouw";31;"hoog";1;1;"een paar keer per maand";1;1;"eens per week";1;0;NA;0;0;NA;1;1;"minder dan maandelijks";1;1;"minder dan maandelijks";1;1;"een keer";7;4;"helemaal mee eens";"helemaal mee eens";"helemaal mee eens";"helemaal mee eens"
81;"man";19;"hoog";1;1;"een paar keer per maand";1;1;"(bijna) elke dag";1;1;"eens per week";1;0;NA;0;0;NA;1;1;"minder dan maandelijks";0;0;NA;6;8;"helemaal mee eens";"mee eens";"mee eens";"helemaal mee eens"
108;"vrouw";16;"midden";1;1;"een paar keer per week";1;1;"een paar keer per week";0;0;NA;1;0;NA;1;1;"een paar keer per maand";0;0;NA;1;1;"minder dan maandelijks";2;16;"helemaal mee eens";"helemaal mee eens";"mee eens";"helemaal mee eens"
177;"vrouw";18;"hoog";1;1;"een paar keer per week";1;0;NA;1;1;"minder dan maandelijks";0;0;NA;0;0;NA;0;0;NA;0;0;NA;NA;10;"helemaal mee eens";"helemaal mee oneens";"helemaal mee oneens";"niet mee eens of oneens"
3;"man";24;"hoog";1;1;"een paar keer per week";1;1;"eens per maand";1;1;"(bijna) elke dag";1;1;"eens per maand";0;0;NA;0;0;NA;0;0;NA;4;3;"helemaal mee eens";"helemaal mee eens";"helemaal mee oneens";"helemaal mee eens"
200;"man";24;"hoog";1;1;"een paar keer per week";1;1;"een paar keer per week";0;0;NA;1;0;NA;1;1;"een keer";1;1;"een paar keer per maand";1;1;"een keer";14;10;"helemaal mee eens";"mee eens";"helemaal mee eens";"helemaal mee eens"
135;"vrouw";30;"midden";1;1;"een paar keer per week";1;1;"minder dan maandelijks";0;0;NA;1;0;NA;0;0;NA;0;0;NA;0;0;NA;2;15;"helemaal mee eens";"helemaal mee eens";"niet mee eens of oneens";"niet mee eens of oneens"
107;"vrouw";16;"hoog";1;1;"een paar keer per maand";1;1;"minder dan maandelijks";1;1;"eens per maand";0;0;NA;1;0;NA;0;0;NA;0;0;NA;6;15;"helemaal mee eens";"helemaal mee eens";"helemaal mee oneens";"mee eens"
137;"man";19;"hoog";1;1;"een paar keer per week";0;0;NA;1;1;"minder dan maandelijks";1;1;"minder dan maandelijks";0;0;NA;0;0;NA;1;0;NA;NA;7;"helemaal mee eens";"weet niet";"helemaal mee oneens";"mee eens"
53;"vrouw";25;"midden";1;1;"eens per week";1;1;"een paar keer per maand";1;1;"minder dan maandelijks";1;1;"minder dan maandelijks";0;0;NA;NA;0;NA;0;0;NA;3;2;"helemaal mee eens";"helemaal mee oneens";"helemaal mee oneens";"helemaal mee eens"
227;"vrouw";30;"midden";1;1;"een paar keer per week";0;0;NA;1;0;NA;1;1;"een paar keer per week";1;1;"eens per maand";1;1;"eens per maand";1;0;NA;NA;11;"helemaal mee eens";"helemaal mee eens";"helemaal mee eens";"helemaal mee eens"
216;"vrouw";22;"midden";1;1;"eens per maand";0;0;NA;0;0;NA;0;0;NA;1;1;"minder dan maandelijks";0;0;NA;1;0;NA;NA;9;"helemaal mee eens";"helemaal mee eens";"niet mee eens of oneens";"mee eens"
189;"man";23;"hoog";1;1;"(bijna) elke dag";1;1;"(bijna) elke dag";1;1;"minder dan maandelijks";1;1;"eens per maand";1;1;"minder dan maandelijks";1;1;"minder dan maandelijks";1;1;"minder dan maandelijks";11;23;"helemaal mee eens";"helemaal mee eens";"helemaal mee eens";"helemaal mee eens"
283;"vrouw";24;"hoog";1;1;"een paar keer per week";1;1;"een paar keer per maand";0;0;NA;0;0;NA;0;0;NA;1;1;"minder dan maandelijks";1;0;NA;11;8;"helemaal mee eens";"mee eens";"helemaal mee eens";"helemaal mee eens"
157;"man";18;"midden";1;1;"een paar keer per maand";1;1;"een keer";0;0;NA;0;0;NA;1;1;"minder dan maandelijks";0;0;NA;1;1;"een keer";3;9;"helemaal mee eens";"helemaal mee eens";"helemaal mee oneens";"mee eens"
51;"vrouw";21;"hoog";1;1;"een paar keer per week";1;1;"eens per week";0;0;NA;0;0;NA;0;0;NA;0;0;NA;0;0;NA;15;12;"helemaal mee eens";"mee oneens";"mee oneens";"helemaal mee eens"
300;"man";21;"hoog";1;1;"eens per week";1;1;"eens per maand";1;1;"minder dan maandelijks";1;1;"minder dan maandelijks";1;1;"minder dan maandelijks";0;0;NA;1;0;NA;6;14;"helemaal mee eens";"helemaal mee eens";"mee eens";"helemaal mee eens"
169;"man";21;"midden";1;1;"een paar keer per maand";0;0;NA;0;0;NA;1;0;NA;1;1;"minder dan maandelijks";0;0;NA;1;1;"minder dan maandelijks";NA;7;"niet mee eens of oneens";"mee eens";"helemaal mee oneens";"mee eens"
34;"man";28;"hoog";1;1;"een paar keer per maand";1;0;NA;0;0;NA;0;0;NA;1;1;"minder dan maandelijks";1;1;"minder dan maandelijks";0;0;NA;NA;16;"helemaal mee eens";"helemaal mee eens";"niet mee eens of oneens";"mee eens"
58;"man";18;"hoog";1;1;"(bijna) elke dag";1;1;"(bijna) elke dag";1;1;"(bijna) elke dag";1;1;"minder dan maandelijks";1;1;"minder dan maandelijks";0;0;NA;0;0;NA;8;23;"helemaal mee eens";"helemaal mee eens";"niet mee eens of oneens";"helemaal mee eens"
17;"vrouw";17;"hoog";1;1;"een paar keer per week";1;1;"(bijna) elke dag";1;1;"(bijna) elke dag";1;0;NA;1;0;NA;0;0;NA;0;0;NA;17;16;"helemaal mee eens";"niet mee eens of oneens";"helemaal mee oneens";"helemaal mee eens"
150;"man";35;"hoog";1;1;"eens per week";1;1;"minder dan maandelijks";0;0;NA;0;0;NA;1;1;"minder dan maandelijks";0;0;NA;0;0;NA;2;13;"helemaal mee eens";"helemaal mee eens";"mee oneens";"niet mee eens of oneens"
340;"vrouw";20;"hoog";1;1;"een paar keer per maand";1;1;"(bijna) elke dag";1;1;"eens per maand";0;0;NA;1;1;"minder dan maandelijks";0;0;NA;0;0;NA;10;11;"helemaal mee eens";"helemaal mee eens";"helemaal mee eens";"helemaal mee eens"
70;"vrouw";22;"hoog";1;1;"een paar keer per week";0;0;NA;0;0;NA;1;0;NA;1;0;NA;0;0;NA;0;0;NA;NA;21;"helemaal mee eens";"mee eens";"mee oneens";"mee eens"
49;"vrouw";28;"laag";1;1;"een paar keer per week";1;1;"(bijna) elke dag";0;0;NA;1;1;"een paar keer per maand";1;1;"minder dan maandelijks";1;1;"minder dan maandelijks";1;1;"minder dan maandelijks";30;9;"helemaal mee eens";"helemaal mee eens";"helemaal mee eens";"helemaal mee eens"
54;"vrouw";20;"hoog";1;1;"een paar keer per week";1;1;"een paar keer per week";1;0;NA;1;0;NA;1;1;"minder dan maandelijks";0;0;NA;0;0;NA;14;16;"helemaal mee eens";"helemaal mee eens";"mee eens";"helemaal mee eens"
336;"vrouw";18;"midden";1;1;"een paar keer per week";1;1;"een paar keer per maand";1;1;"minder dan maandelijks";1;1;"eens per week";0;0;NA;0;0;NA;0;0;NA;15;13;"helemaal mee eens";"niet mee eens of oneens";"mee eens";"mee eens"
350;"man";21;"midden";1;1;"een paar keer per maand";1;1;"(bijna) elke dag";1;1;"(bijna) elke dag";1;1;"minder dan maandelijks";1;1;"een keer";1;1;"een paar keer per maand";0;0;NA;13;6;"helemaal mee eens";"mee eens";"helemaal mee eens";"helemaal mee eens"
269;"vrouw";16;"midden";1;1;"een paar keer per week";1;1;"eens per week";1;1;"minder dan maandelijks";0;0;NA;0;0;NA;0;0;NA;1;1;"eens per maand";7;7;"helemaal mee eens";"helemaal mee eens";"helemaal mee eens";"helemaal mee eens"
282;"vrouw";18;"hoog";1;1;"een paar keer per week";1;1;"(bijna) elke dag";1;1;"minder dan maandelijks";0;0;NA;0;0;NA;0;0;NA;0;0;NA;13;8;"helemaal mee eens";"mee eens";"mee eens";"helemaal mee eens"
105;"man";23;"hoog";1;1;"een paar keer per maand";1;0;NA;0;0;NA;0;0;NA;0;0;NA;0;0;NA;0;0;NA;NA;7;"helemaal mee eens";"helemaal mee oneens";"helemaal mee oneens";"niet mee eens of oneens"
325;"man";20;"hoog";1;1;"een paar keer per week";1;1;"(bijna) elke dag";1;1;"eens per week";1;1;"minder dan maandelijks";1;1;"een keer";0;0;NA;0;0;NA;8;11;"helemaal mee eens";"mee eens";"helemaal mee oneens";"mee eens"
278;"vrouw";30;"midden";1;1;"eens per week";1;0;NA;1;1;"een paar keer per week";1;1;"eens per maand";0;0;NA;0;0;NA;0;0;NA;NA;5;"helemaal mee eens";"helemaal mee oneens";"mee oneens";"niet mee eens of oneens"
239;"man";28;"midden";1;1;"een paar keer per week";1;0;NA;1;0;NA;1;1;"eens per maand";1;1;"minder dan maandelijks";1;1;"eens per maand";1;1;"een paar keer per maand";NA;15;"helemaal mee eens";"helemaal mee eens";"helemaal mee eens";"helemaal mee eens"
257;"vrouw";29;"hoog";1;1;"eens per week";1;1;"een paar keer per week";0;0;NA;1;1;"minder dan maandelijks";1;1;"minder dan maandelijks";0;0;NA;1;0;NA;18;19;"helemaal mee eens";"helemaal mee eens";"helemaal mee oneens";"mee eens"
310;"vrouw";32;"hoog";1;1;"een paar keer per week";0;0;NA;1;1;"eens per maand";0;0;NA;1;1;"minder dan maandelijks";0;0;NA;0;0;NA;NA;6;"helemaal mee eens";"helemaal mee eens";"mee oneens";"mee eens"
280;"man";33;"hoog";1;1;"eens per week";1;1;"(bijna) elke dag";0;0;NA;1;0;NA;1;1;"een keer";1;1;"een paar keer per maand";0;0;NA;21;11;"helemaal mee eens";"mee eens";"helemaal mee eens";"weet niet"
329;"man";16;"midden";1;1;"een paar keer per maand";1;1;"minder dan maandelijks";1;1;"minder dan maandelijks";1;0;NA;1;1;"minder dan maandelijks";0;0;NA;0;0;NA;2;11;"helemaal mee eens";"helemaal mee eens";"mee oneens";"helemaal mee eens"
247;"vrouw";28;"hoog";1;1;"een paar keer per week";1;1;"(bijna) elke dag";0;0;NA;1;0;NA;1;1;"minder dan maandelijks";1;1;"een keer";0;0;NA;4;10;"helemaal mee eens";"helemaal mee eens";"mee oneens";"mee oneens"
252;"man";26;"hoog";1;1;"een paar keer per maand";1;1;"eens per maand";1;1;"(bijna) elke dag";1;0;NA;0;0;NA;1;0;NA;0;0;NA;2;14;"helemaal mee eens";"mee eens";"niet mee eens of oneens";"niet mee eens of oneens"
308;"man";28;"hoog";1;1;"een paar keer per week";1;1;"eens per week";1;1;"een paar keer per week";0;0;NA;1;1;"minder dan maandelijks";1;1;"minder dan maandelijks";0;0;NA;3;25;"helemaal mee eens";"helemaal mee eens";"helemaal mee eens";"helemaal mee eens"
338;"vrouw";21;"hoog";1;1;"een paar keer per week";0;0;NA;0;0;NA;1;0;NA;1;1;"minder dan maandelijks";0;0;NA;1;0;NA;NA;15;"helemaal mee eens";"helemaal mee eens";"helemaal mee eens";"helemaal mee eens"
69;"vrouw";33;"hoog";1;1;"een paar keer per week";1;1;"minder dan maandelijks";1;1;"eens per maand";0;0;NA;1;0;NA;1;1;"minder dan maandelijks";0;0;NA;3;5;"helemaal mee eens";"helemaal mee eens";"weet niet";"helemaal mee eens"
271;"man";24;"midden";1;1;"een paar keer per maand";1;1;"eens per maand";1;1;"minder dan maandelijks";0;0;NA;0;0;NA;0;0;NA;0;0;NA;6;13;"helemaal mee eens";"mee eens";"mee oneens";"mee oneens"
119;"man";21;"hoog";1;1;"minder dan maandelijks";1;1;"eens per maand";0;0;NA;1;1;"eens per week";1;1;"minder dan maandelijks";1;1;"een keer";1;1;"eens per maand";2;11;"mee eens";"helemaal mee eens";"mee eens";"mee eens"
114;"man";24;"midden";1;1;"eens per week";1;1;"een paar keer per maand";0;0;NA;1;0;NA;1;1;"minder dan maandelijks";1;1;"eens per maand";1;0;NA;9;9;"helemaal mee eens";"helemaal mee eens";"helemaal mee eens";"helemaal mee eens"
89;"man";31;"hoog";1;1;"een paar keer per week";1;1;"(bijna) elke dag";1;0;NA;1;1;"minder dan maandelijks";1;1;"minder dan maandelijks";1;1;"minder dan maandelijks";1;0;NA;21;18;"helemaal mee eens";"helemaal mee eens";"helemaal mee eens";"helemaal mee eens"
195;"man";22;"hoog";1;1;"een paar keer per week";1;1;"een paar keer per maand";1;1;"(bijna) elke dag";1;1;"eens per maand";1;0;NA;1;1;"minder dan maandelijks";1;1;"minder dan maandelijks";4;16;"helemaal mee eens";"mee eens";"niet mee eens of oneens";"weet niet"
59;"vrouw";22;"midden";1;1;"een paar keer per maand";1;0;NA;1;1;"minder dan maandelijks";0;0;NA;1;1;"minder dan maandelijks";0;0;NA;1;1;"een paar keer per maand";NA;14;"helemaal mee eens";"helemaal mee eens";"helemaal mee oneens";"helemaal mee eens"
132;"vrouw";28;"hoog";1;1;"een paar keer per week";1;1;"eens per maand";1;1;"eens per maand";1;1;"minder dan maandelijks";1;0;NA;0;0;NA;1;1;"een keer";3;11;"helemaal mee eens";"mee eens";"helemaal mee oneens";"mee eens"
253;"man";22;"hoog";1;1;"een paar keer per week";1;1;"(bijna) elke dag";0;0;NA;1;1;"minder dan maandelijks";1;1;"een keer";1;1;"minder dan maandelijks";0;0;NA;15;17;"helemaal mee eens";"mee eens";"mee eens";"helemaal mee eens"
46;"man";25;"hoog";1;1;"een paar keer per week";1;0;NA;0;0;NA;1;1;"minder dan maandelijks";1;1;"een paar keer per maand";1;1;"een paar keer per maand";1;1;"eens per maand";NA;18;"helemaal mee eens";"helemaal mee eens";"helemaal mee eens";"weet niet"
342;"vrouw";22;"hoog";1;1;"minder dan maandelijks";1;1;"een paar keer per maand";1;1;"een paar keer per maand";0;0;NA;1;1;"minder dan maandelijks";0;0;NA;0;0;NA;11;4;"helemaal mee eens";"helemaal mee eens";"helemaal mee oneens";"niet mee eens of oneens"
293;"vrouw";27;"hoog";1;1;"eens per week";1;1;"minder dan maandelijks";0;0;NA;1;0;NA;0;0;NA;1;1;"minder dan maandelijks";0;0;NA;4;7;"helemaal mee eens";"niet mee eens of oneens";"helemaal mee eens";"helemaal mee eens"
187;"vrouw";29;"hoog";1;1;"een paar keer per week";1;1;"(bijna) elke dag";1;1;"een paar keer per week";1;1;"een paar keer per week";1;1;"minder dan maandelijks";1;1;"eens per maand";1;1;"een keer";16;3;"helemaal mee eens";"helemaal mee eens";"mee eens";"helemaal mee eens"
250;"man";34;"hoog";1;1;"eens per maand";1;1;"minder dan maandelijks";1;0;NA;1;1;"minder dan maandelijks";1;1;"eens per maand";0;0;NA;1;1;"eens per week";6;11;"helemaal mee eens";"helemaal mee eens";"mee eens";"helemaal mee eens"
64;"man";25;"midden";1;1;"eens per week";0;0;NA;0;0;NA;1;0;NA;1;1;"een keer";1;1;"een keer";1;0;NA;NA;8;"helemaal mee eens";"niet mee eens of oneens";"niet mee eens of oneens";"helemaal mee eens"
176;"vrouw";19;"hoog";1;1;"een paar keer per week";1;1;"(bijna) elke dag";0;0;NA;1;1;"(bijna) elke dag";1;1;"eens per maand";0;0;NA;1;1;"minder dan maandelijks";12;11;"helemaal mee eens";"helemaal mee eens";"helemaal mee eens";"helemaal mee eens"
95;"man";21;"hoog";1;1;"eens per maand";1;0;NA;1;1;"minder dan maandelijks";1;0;NA;1;1;"minder dan maandelijks";0;0;NA;0;0;NA;NA;9;"helemaal mee oneens";"helemaal mee eens";"mee eens";"helemaal mee eens"
240;"vrouw";28;"hoog";1;1;"eens per week";1;1;"een paar keer per maand";1;1;"eens per week";1;0;NA;1;1;"minder dan maandelijks";1;1;"minder dan maandelijks";1;0;NA;5;16;"helemaal mee eens";"helemaal mee eens";"helemaal mee eens";"helemaal mee eens"
131;"man";26;"hoog";1;1;"(bijna) elke dag";1;1;"minder dan maandelijks";0;0;NA;0;0;NA;0;0;NA;1;1;"minder dan maandelijks";0;0;NA;3;13;"helemaal mee eens";"mee oneens";"mee eens";"helemaal mee eens"
190;"man";20;"hoog";1;1;"een paar keer per week";1;1;"een paar keer per maand";1;1;"eens per maand";1;0;NA;1;1;"minder dan maandelijks";1;1;"een paar keer per maand";0;0;NA;8;23;"helemaal mee eens";"helemaal mee eens";"helemaal mee eens";"helemaal mee eens"
318;"man";35;"midden";1;1;"een paar keer per week";1;1;"(bijna) elke dag";1;1;"(bijna) elke dag";1;1;"minder dan maandelijks";1;1;"minder dan maandelijks";1;1;"minder dan maandelijks";1;1;"minder dan maandelijks";113;22;"helemaal mee eens";"helemaal mee eens";"helemaal mee eens";"helemaal mee eens"
1;"vrouw";27;"midden";1;1;"een paar keer per maand";0;0;NA;1;1;"eens per maand";1;1;"een paar keer per week";NA;1;"een keer";0;0;NA;1;1;"minder dan maandelijks";NA;22;"helemaal mee eens";"helemaal mee eens";"mee eens";"helemaal mee eens"
341;"man";19;"hoog";1;1;"eens per week";1;1;"(bijna) elke dag";1;1;"een paar keer per maand";1;0;NA;1;1;"minder dan maandelijks";0;0;NA;0;0;NA;8;7;"helemaal mee eens";"helemaal mee eens";"mee oneens";"helemaal mee eens"
75;"man";21;"hoog";1;1;"eens per week";1;1;"minder dan maandelijks";1;0;NA;1;0;NA;1;1;"eens per maand";0;0;NA;0;0;NA;3;8;"helemaal mee eens";"helemaal mee eens";"helemaal mee oneens";"niet mee eens of oneens"
259;"vrouw";23;"hoog";1;1;"een paar keer per maand";0;0;NA;1;0;NA;1;1;"minder dan maandelijks";1;1;"minder dan maandelijks";1;1;"minder dan maandelijks";0;0;NA;NA;6;"helemaal mee eens";"helemaal mee eens";"mee eens";"weet niet"
307;"vrouw";25;"midden";1;1;"een paar keer per week";1;1;"(bijna) elke dag";1;0;NA;0;0;NA;1;1;"minder dan maandelijks";1;1;"een paar keer per maand";0;0;NA;4;21;"helemaal mee eens";"helemaal mee eens";"helemaal mee eens";"helemaal mee eens"
212;"man";29;"hoog";1;1;"een paar keer per maand";1;1;"(bijna) elke dag";0;0;NA;1;0;NA;0;0;NA;0;0;NA;0;0;NA;64;12;"helemaal mee eens";"mee oneens";"helemaal mee oneens";"helemaal mee oneens"
172;"vrouw";31;"midden";1;1;"een paar keer per maand";1;1;"(bijna) elke dag";1;1;"minder dan maandelijks";0;0;NA;1;0;NA;0;0;NA;1;1;"eens per maand";32;7;"helemaal mee eens";"helemaal mee eens";"niet mee eens of oneens";"helemaal mee eens"
120;"vrouw";28;"hoog";1;1;"een paar keer per maand";0;0;NA;0;0;NA;0;0;NA;1;1;"minder dan maandelijks";0;0;NA;0;0;NA;NA;10;"mee eens";"helemaal mee eens";"niet mee eens of oneens";"mee oneens"
20;"man";35;"hoog";1;1;"een paar keer per week";1;1;"een paar keer per maand";1;0;NA;1;1;"een paar keer per week";0;0;NA;0;0;NA;0;0;NA;9;16;"helemaal mee eens";"helemaal mee oneens";"helemaal mee oneens";"helemaal mee oneens"
142;"man";26;"midden";1;1;"een paar keer per week";1;1;"(bijna) elke dag";1;1;"een keer";1;0;NA;1;1;"minder dan maandelijks";1;1;"minder dan maandelijks";1;1;"minder dan maandelijks";11;6;"helemaal mee eens";"helemaal mee eens";"helemaal mee eens";"helemaal mee eens"
199;"vrouw";16;"hoog";1;1;"een paar keer per week";1;1;"een paar keer per maand";1;1;"een paar keer per maand";1;1;"een paar keer per maand";0;0;NA;NA;0;NA;0;0;NA;6;8;"helemaal mee eens";"helemaal mee eens";"mee eens";"helemaal mee eens"
225;"man";20;"midden";1;1;"(bijna) elke dag";1;1;"(bijna) elke dag";1;1;"een paar keer per week";1;1;"een keer";1;1;"een keer";0;0;NA;1;0;NA;26;11;"helemaal mee eens";"helemaal mee eens";"mee oneens";"helemaal mee eens"
277;"vrouw";35;"hoog";1;1;"eens per week";1;0;NA;0;0;NA;0;0;NA;1;1;"minder dan maandelijks";0;0;NA;0;0;NA;NA;8;"helemaal mee eens";"mee eens";"mee oneens";"mee eens"
234;"man";20;"hoog";1;1;"een paar keer per maand";1;1;"minder dan maandelijks";1;0;NA;1;0;NA;0;0;NA;0;0;NA;1;1;"een keer";1;15;"helemaal mee eens";"mee eens";"mee oneens";"helemaal mee eens"
31;"vrouw";16;"midden";1;1;"een paar keer per week";1;1;"(bijna) elke dag";1;1;"een paar keer per week";1;0;NA;1;1;"eens per maand";0;0;NA;1;0;NA;46;4;"helemaal mee eens";"helemaal mee eens";"mee eens";"helemaal mee eens"
264;"man";25;"hoog";1;1;"minder dan maandelijks";1;0;NA;0;0;NA;0;0;NA;1;1;"een keer";1;1;"een keer";0;0;NA;NA;12;"helemaal mee eens";"mee eens";"mee eens";"mee eens"
333;"vrouw";25;"hoog";1;1;"een paar keer per week";1;0;NA;1;1;"eens per maand";0;0;NA;1;1;"minder dan maandelijks";1;1;"minder dan maandelijks";0;0;NA;NA;10;"helemaal mee eens";"helemaal mee eens";"helemaal mee eens";"helemaal mee eens"
255;"man";23;"midden";1;1;"eens per week";1;1;"een keer";1;1;"(bijna) elke dag";1;1;"een paar keer per week";1;0;NA;0;0;NA;1;0;NA;1;16;"helemaal mee eens";"mee eens";"helemaal mee oneens";"mee eens"
304;"man";24;"hoog";1;1;"eens per week";1;1;"(bijna) elke dag";1;1;"een keer";1;1;"minder dan maandelijks";1;1;"een keer";0;0;NA;1;1;"minder dan maandelijks";25;15;"helemaal mee eens";"helemaal mee eens";"mee eens";"mee eens"
160;"man";26;"hoog";1;1;"eens per week";1;1;"een paar keer per maand";1;1;"een paar keer per maand";1;0;NA;1;1;"een keer";0;0;NA;0;0;NA;6;10;"helemaal mee eens";"helemaal mee eens";"mee eens";"helemaal mee eens"
112;"vrouw";17;"midden";1;1;"eens per week";1;1;"eens per week";0;0;NA;1;0;NA;0;0;NA;0;0;NA;0;0;NA;3;4;"helemaal mee eens";"helemaal mee eens";"mee eens";"mee eens"
214;"man";22;"hoog";1;1;"eens per week";1;0;NA;0;0;NA;1;1;"(bijna) elke dag";1;1;"minder dan maandelijks";0;0;NA;0;0;NA;NA;6;"helemaal mee eens";"helemaal mee eens";"helemaal mee eens";"mee eens"
343;"man";16;"midden";1;1;"eens per week";1;1;"een keer";1;1;"een keer";1;0;NA;1;1;"minder dan maandelijks";0;0;NA;1;1;"een keer";1;15;"helemaal mee eens";"mee eens";"mee oneens";"helemaal mee eens"
265;"vrouw";33;"hoog";1;1;"eens per maand";0;0;NA;0;0;NA;0;0;NA;1;1;"minder dan maandelijks";1;1;"minder dan maandelijks";0;0;NA;NA;3;"mee oneens";"helemaal mee eens";"helemaal mee eens";"niet mee eens of oneens"
291;"man";32;"hoog";1;1;"eens per week";1;1;"eens per maand";0;0;NA;0;0;NA;1;1;"minder dan maandelijks";1;1;"een keer";0;0;NA;1;10;"helemaal mee eens";"helemaal mee eens";"niet mee eens of oneens";"mee oneens"
233;"man";23;"hoog";1;1;"een paar keer per week";0;0;NA;1;1;"een paar keer per week";1;0;NA;0;0;NA;0;0;NA;0;0;NA;NA;6;"helemaal mee eens";"helemaal mee eens";"mee oneens";"helemaal mee eens"
153;"vrouw";19;"hoog";1;1;"een paar keer per week";0;0;NA;1;1;"een paar keer per week";1;0;NA;0;0;NA;0;0;NA;0;0;NA;NA;3;"helemaal mee eens";"mee eens";"mee eens";"helemaal mee eens"
100;"man";24;"hoog";1;1;"een paar keer per week";0;0;NA;0;0;NA;1;0;NA;1;1;"minder dan maandelijks";0;0;NA;1;1;"een paar keer per maand";NA;9;"helemaal mee eens";"helemaal mee eens";"mee eens";"helemaal mee eens"
219;"man";16;"laag";1;1;"een paar keer per maand";1;1;"(bijna) elke dag";1;1;"een keer";1;1;"een keer";0;0;NA;0;0;NA;1;1;"minder dan maandelijks";13;9;"helemaal mee eens";"helemaal mee oneens";"helemaal mee oneens";"mee eens"
218;"man";26;"hoog";1;1;"eens per maand";1;1;"eens per week";0;0;NA;0;0;NA;1;1;"minder dan maandelijks";0;0;NA;1;1;"een keer";12;18;"helemaal mee eens";"helemaal mee eens";"mee eens";"mee eens"
4;"man";24;"hoog";1;1;"een paar keer per week";0;0;NA;0;0;NA;1;1;"minder dan maandelijks";0;0;NA;0;0;NA;0;0;NA;NA;8;"helemaal mee eens";"mee eens";"mee eens";"helemaal mee eens"
254;"vrouw";16;"hoog";1;1;"eens per week";1;1;"een paar keer per maand";0;0;NA;1;0;NA;0;0;NA;0;0;NA;0;0;NA;1;5;"helemaal mee eens";"mee eens";"helemaal mee eens";"helemaal mee eens"
244;"vrouw";22;"midden";1;1;"een paar keer per week";1;1;"eens per week";1;0;NA;1;0;NA;0;0;NA;0;0;NA;1;1;"minder dan maandelijks";1;18;"helemaal mee eens";"helemaal mee eens";"helemaal mee oneens";"helemaal mee eens"
162;"vrouw";28;"hoog";1;1;"eens per week";1;1;"minder dan maandelijks";0;0;NA;0;0;NA;0;0;NA;0;0;NA;0;0;NA;1;15;"helemaal mee eens";"mee eens";"mee oneens";"mee eens"
183;"vrouw";28;"midden";1;1;"een paar keer per week";1;1;"(bijna) elke dag";1;1;"minder dan maandelijks";1;1;"minder dan maandelijks";1;1;"minder dan maandelijks";0;0;NA;0;0;NA;34;4;"helemaal mee eens";"helemaal mee eens";"helemaal mee oneens";"helemaal mee eens"
78;"vrouw";22;"midden";1;1;"een paar keer per maand";1;1;"een paar keer per week";1;1;"(bijna) elke dag";1;1;"minder dan maandelijks";0;0;NA;0;0;NA;0;0;NA;3;9;"helemaal mee eens";"mee eens";"mee eens";"helemaal mee eens"
346;"man";16;"hoog";1;1;"(bijna) elke dag";1;1;"(bijna) elke dag";0;0;NA;1;1;"(bijna) elke dag";0;0;NA;0;0;NA;0;0;NA;24;17;"helemaal mee eens";"helemaal mee oneens";"helemaal mee oneens";"mee eens"
141;"vrouw";28;"midden";1;1;"een paar keer per week";1;1;"een keer";0;0;NA;1;0;NA;1;1;"minder dan maandelijks";0;0;NA;1;1;"een keer";5;7;"helemaal mee eens";"helemaal mee eens";"helemaal mee oneens";"helemaal mee eens"
33;"vrouw";21;"hoog";1;1;"een paar keer per week";1;1;"een paar keer per week";0;0;NA;1;0;NA;1;1;"een keer";0;0;NA;0;0;NA;13;17;"helemaal mee eens";"mee oneens";"helemaal mee oneens";"mee oneens"
314;"vrouw";23;"hoog";1;1;"eens per week";0;0;NA;0;0;NA;1;0;NA;1;1;"een keer";0;0;NA;0;0;NA;NA;9;"helemaal mee eens";"mee eens";"helemaal mee oneens";"mee eens"
206;"vrouw";22;"hoog";1;1;"een paar keer per week";0;0;NA;1;1;"een paar keer per maand";1;0;NA;0;0;NA;0;0;NA;1;1;"minder dan maandelijks";NA;5;"weet niet";"niet mee eens of oneens";"mee oneens";"helemaal mee eens"
